id,username,profile_url
47985875@N00,Unknown,https://www.flickr.com/people/47985875@N00
59081381@N03,Unknown,https://www.flickr.com/people/59081381@N03
102442801995722,thelogicalviolinist,https://www.mapillary.com/app/user/thelogicalviolinist
110578714507187,ruk,https://www.mapillary.com/app/user/ruk
101457438767559,mds08011,https://www.mapillary.com/app/user/mds08011
104408981801642,lvl5,https://www.mapillary.com/app/user/lvl5
103853795191073,kaart_2,https://www.mapillary.com/app/user/kaart_2
107191244851181,perryman,https://www.mapillary.com/app/user/perryman
103903791851463,ralebipim,https://www.mapillary.com/app/user/ralebipim
2018929295153612,Joemetric,https://www.mapillary.com/app/user/Joemetric
2517326301811376,Berchiepratt03,https://www.mapillary.com/app/user/Berchiepratt03
103884788520289,mawutor,https://www.mapillary.com/app/user/mawutor
107852771450610,elisabblah,https://www.mapillary.com/app/user/elisabblah
105717001668080,charlesa1,https://www.mapillary.com/app/user/charlesa1
109522081282416,agamesegod,https://www.mapillary.com/app/user/agamesegod
100501808861311,mtnbiker,https://www.mapillary.com/app/user/mtnbiker
100633772186327,atmipdbrp,https://www.mapillary.com/app/user/atmipdbrp
110176224549682,normanm,https://www.mapillary.com/app/user/normanm
102851851958814,jipp,https://www.mapillary.com/app/user/jipp
110025247896111,sanjorgepinho,https://www.mapillary.com/app/user/sanjorgepinho
100340685549633,filohipo,https://www.mapillary.com/app/user/filohipo
103589091883670,filipegraciosa,https://www.mapillary.com/app/user/filipegraciosa
111579427741401,toollateralus,https://www.mapillary.com/app/user/toollateralus
108018458100160,electraid,https://www.mapillary.com/app/user/electraid
102337185344662,krm,https://www.mapillary.com/app/user/krm
103751201868603,demiurge,https://www.mapillary.com/app/user/demiurge
2848057482025051,usmangujjar_8,https://www.mapillary.com/app/user/usmangujjar_8
854505039863901,Umer_Farooq,https://www.mapillary.com/app/user/Umer_Farooq
106597148245839,heretpe2019,https://www.mapillary.com/app/user/heretpe2019
101914818722206,hcyen,https://www.mapillary.com/app/user/hcyen
108620204707407,dany917,https://www.mapillary.com/app/user/dany917
111480967750226,kaartcam,https://www.mapillary.com/app/user/kaartcam
101711162075840,kaart_4,https://www.mapillary.com/app/user/kaart_4
106949431542521,srdpphoebe,https://www.mapillary.com/app/user/srdpphoebe
1084439096095476,ChiChaRun,https://www.mapillary.com/app/user/ChiChaRun
107708041466249,uwrapid,https://www.mapillary.com/app/user/uwrapid
106270295@N04,Unknown,https://www.flickr.com/people/106270295@N04
40646519@N00,Unknown,https://www.flickr.com/people/40646519@N00
8196829@N08,Unknown,https://www.flickr.com/people/8196829@N08
26167902@N00,Unknown,https://www.flickr.com/people/26167902@N00
199329062@N05,Unknown,https://www.flickr.com/people/199329062@N05
20897132@N00,Unknown,https://www.flickr.com/people/20897132@N00
55957556@N06,Unknown,
65001151@N03,Unknown,
39684088@N00,Unknown,https://www.flickr.com/people/39684088@N00/
89165847@N00,Unknown,https://www.flickr.com/people/89165847@N00/
7512717@N06,Unknown,https://www.flickr.com/people/7512717@N06/
134186440@N02,Unknown,https://www.flickr.com/people/134186440@N02/
25507134@N00,Unknown,https://www.flickr.com/people/25507134@N00/
82887550@N00,Unknown,https://www.flickr.com/people/82887550@N00/
101240316@N03,Unknown,https://www.flickr.com/people/101240316@N03/
9180755@N03,Unknown,https://www.flickr.com/people/9180755@N03/
64017146@N03,Unknown,https://www.flickr.com/people/64017146@N03/
89912763@N07,Unknown,
202227150@N04,Unknown,
34992575@N00,Unknown,
44124367601@N01,Unknown,
101072938806675,fuser,https://www.mapillary.com/app/user/fuser
100637258851337,nikiforov,https://www.mapillary.com/app/user/nikiforov
106290858271925,velmyshanovnyi,https://www.mapillary.com/app/user/velmyshanovnyi
51035555243@N01,Unknown,https://www.flickr.com/people/51035555243@N01
7702423@N04,Unknown,https://www.flickr.com/people/7702423@N04
199512126@N03,Unknown,https://www.flickr.com/people/199512126@N03
8282951@N06,Unknown,https://www.flickr.com/people/8282951@N06
198851624@N04,Unknown,https://www.flickr.com/people/198851624@N04
77175355@N07,Unknown,https://www.flickr.com/people/77175355@N07
201128932@N02,Unknown,https://www.flickr.com/people/201128932@N02
25268103@N08,Unknown,https://www.flickr.com/people/25268103@N08
30659367@N00,Unknown,https://www.flickr.com/people/30659367@N00
47765927@N06,Unknown,https://www.flickr.com/people/47765927@N06
42728243@N00,Unknown,https://www.flickr.com/people/42728243@N00
38837659@N06,Unknown,https://www.flickr.com/people/38837659@N06
93689361@N05,Unknown,https://www.flickr.com/people/93689361@N05
55228353@N00,Unknown,https://www.flickr.com/people/55228353@N00
65695019@N07,Unknown,https://www.flickr.com/people/65695019@N07
161761575@N03,Unknown,https://www.flickr.com/people/161761575@N03
22666220@N00,Unknown,https://www.flickr.com/people/22666220@N00
9341577@N08,Unknown,https://www.flickr.com/people/9341577@N08
146694679@N06,Unknown,https://www.flickr.com/people/146694679@N06
78914786@N06,Unknown,https://www.flickr.com/people/78914786@N06
7171906@N06,Unknown,https://www.flickr.com/people/7171906@N06
48816143@N00,Unknown,https://www.flickr.com/people/48816143@N00
66451944@N03,Unknown,https://www.flickr.com/people/66451944@N03
29382029@N03,Unknown,https://www.flickr.com/people/29382029@N03
202216438@N03,Unknown,https://www.flickr.com/people/202216438@N03
151639852@N07,Unknown,https://www.flickr.com/people/151639852@N07
141041165@N06,Unknown,https://www.flickr.com/people/141041165@N06
42477684@N08,Unknown,https://www.flickr.com/people/42477684@N08
83006240@N00,Unknown,https://www.flickr.com/people/83006240@N00
88483348@N00,Unknown,https://www.flickr.com/people/88483348@N00
94858012@N07,Unknown,https://www.flickr.com/people/94858012@N07
70981241@N00,Unknown,https://www.flickr.com/people/70981241@N00
40644994@N00,Unknown,https://www.flickr.com/people/40644994@N00
9187590@N04,Unknown,https://www.flickr.com/people/9187590@N04
157523375@N05,Unknown,https://www.flickr.com/people/157523375@N05
131963120@N07,Unknown,https://www.flickr.com/people/131963120@N07
148768555@N05,Unknown,https://www.flickr.com/people/148768555@N05
75595126@N00,Unknown,https://www.flickr.com/people/75595126@N00
194424926@N05,Unknown,https://www.flickr.com/people/194424926@N05
21657526@N00,Unknown,https://www.flickr.com/people/21657526@N00
95912351@N07,Unknown,https://www.flickr.com/people/95912351@N07
46102325@N06,Unknown,https://www.flickr.com/people/46102325@N06
197171168@N04,Unknown,https://www.flickr.com/people/197171168@N04
40586164@N07,Unknown,https://www.flickr.com/people/40586164@N07
14036428@N00,Unknown,https://www.flickr.com/people/14036428@N00
32569229@N06,Unknown,https://www.flickr.com/people/32569229@N06
127267277@N04,Unknown,https://www.flickr.com/people/127267277@N04
16564965@N04,Unknown,https://www.flickr.com/people/16564965@N04
67754897@N08,Unknown,https://www.flickr.com/people/67754897@N08
27889738@N07,Unknown,https://www.flickr.com/people/27889738@N07
9788232@N03,Unknown,https://www.flickr.com/people/9788232@N03
74459232@N00,Unknown,https://www.flickr.com/people/74459232@N00
135487472@N07,Unknown,https://www.flickr.com/people/135487472@N07
69754957@N00,Unknown,https://www.flickr.com/people/69754957@N00
