id,title,url,source,tags,uploaded_at,location_id,latitude,longitude,owner_id,geom,profile_url
54303615598,Warning Cliff Area,https://live.staticflickr.com/65535/54303615598_0460043b5f.jpg,API,[],2025-02-03 11:35:26.166974,,39.54008,-82.57572,39684088@N00,0101000020E6100000CDE9B298D8A454C0A29C685721C54340,
54303458295,Path to Shared Courtyard,https://live.staticflickr.com/65535/54303458295_afe9a5cfbb.jpg,API,[],2025-02-03 11:35:26.166974,,62.575475,11.389419,89165847@N00,0101000020E6100000CEE15AED61C726403255302AA9494F40,
54302099087,West End Tram Stop 04,https://live.staticflickr.com/65535/54302099087_b4f4ba5d6e.jpg,API,[],2025-02-03 11:35:26.166974,,55.948647,-3.211644,7512717@N06,0101000020E61000003128D36872B109C06939D0436DF94B40,
54302454906,KMB Alexander Dennis Enviro500 EV 12m (ADL bodywork),https://live.staticflickr.com/65535/54302454906_48e0f9280c.jpg,API,[],2025-02-03 11:35:26.166974,,22.324055,114.168376,134186440@N02,0101000020E61000009A5B21ACC68A5C40F41ABB44F5523640,
54302365336,20250112_Birdbuddy,https://live.staticflickr.com/65535/54302365336_fb8d181222.jpg,API,[],2025-02-03 11:35:26.166974,,48.248483,16.442456,25507134@N00,0101000020E610000042EBE1CB44713040554E7B4ACE1F4840,
54302094186,Lost in Time,https://live.staticflickr.com/65535/54302094186_fc9de1c91b.jpg,API,[],2025-02-03 11:35:26.166974,,53.959841,-1.118364,82887550@N00,0101000020E6100000416150A6D1E4F1BF122EE411DCFA4A40,
54302493020,Traditional male costume 022,https://live.staticflickr.com/65535/54302493020_22884e4e94.jpg,API,[],2025-02-03 11:35:26.166974,,47.511516,19.080758,101240316@N03,0101000020E6100000EFE3688EAC143340BCB0355B79C14740,
54302017316,IMG_9864,https://live.staticflickr.com/65535/54302017316_39b05c646b.jpg,API,[],2025-02-03 11:35:26.166974,,25.044894,121.504469,9180755@N03,0101000020E61000002236583849605E4060C9552C7E0B3940,
54302109703,Death Road,https://live.staticflickr.com/65535/54302109703_10f5074589.jpg,API,[],2025-02-03 11:35:26.166974,,-16.286157,-67.805986,64017146@N03,0101000020E61000002BC24D4695F350C07F85CC95414930C0,
4264405993593776,Mapillary Photo 4264405993593776,https://scontent.flis8-1.fna.fbcdn.net/m1/v/t6/An8hs9CiSqHHHSlmqNnw_WycVqhyCjqTwdop9n-kuI9hTItVd0nPnVLRnMlE2CnN_VO8hDPzyMX5SmuNgXAFTIUPz89iUv1IyL-rhsUgQWQQMRyN3BDalko1tpu-IFZ5tVX3ORkuNUPzyIW6G0g9UQ?ccb=10-5&oh=00_AYBIjLDg2weawXhTph6OusTZ5qw675UDcPL4GB24ZpIG7g&oe=67CB68BE&_nc_sid=201bca,API,[],2025-02-05 22:00:10.962625,87,6.6563143337853,-1.6283077314026,103903791851463,0101000020E61000007F2B63688C0DFABFFC035EDD10A01A40,
2921157424864922,Mapillary Photo 2921157424864922,https://scontent.flis8-1.fna.fbcdn.net/m1/v/t6/An_wjFymFQ_DH6amQVVr62VXVbVUnpItbRLgPJdRkyiw03fkxofPMfTZ4H09CaHE_SiT5iUlw-CbOFsVvdetWgqfBomaAGnkY2yrzOwylKJP0Lz5DErB0ZvKj69sYbMBTlcBUHhvLSSfEEEHBCEeGw?ccb=10-5&oh=00_AYBd-jVm_zrJFm726HvZ1OwicA7HzQKW_KDuEiLf9NVjfQ&oe=67CB3CD9&_nc_sid=201bca,API,[],2025-02-05 22:00:10.964420,88,6.6392336537034,-1.6221433859714,103903791851463,0101000020E6100000C8B7829F4CF4F9BF80A25444938E1A40,
2068150193328240,Mapillary Photo 2068150193328240,https://scontent.flis8-1.fna.fbcdn.net/m1/v/t6/An80DEgvxj-VxXFLLkaMRykjZYjf14U1QgBZUt6Bys9jB1FquPCCCN7IA1J8n6sPtpd665EwriaVGzpkEicun15bELlI02f4-W36Q7M-yDcfq8ynUffFistg7CBAFIvh0seL3FW7XsXwVdCLZLO4aWs?ccb=10-5&oh=00_AYCHkjJrNPbVWo2C_5fBvYtWirKYfluXL3P76n10H42qdA&oe=67CB568D&_nc_sid=201bca,API,[],2025-02-05 22:00:10.965122,89,6.6728100982247,-1.6359985450465,103903791851463,0101000020E6100000EB7374CF0C2DFABFAE2C6121F5B01A40,
1601934846684538,Mapillary Photo 1601934846684538,https://scontent.flis8-1.fna.fbcdn.net/m1/v/t6/An82VsacN_UOestfc4ITnfpK6sqMOIgCFB3CAmWvxZlQ7vk_QwYZfgex7UA1ybFWMuDpY4AxiDIDgzNQiJfPdp4Z2-YQ49_P9ZOt8vP4MeJlZv8hAQQ-Jq-oju2EoHP9yOIAnjP0mW5txsdjVtNyBg?ccb=10-5&oh=00_AYCyeWdyOyNowfJyykdVXS3kwh3wSbj9gXNZtC5rt-OTJg&oe=67CB4801&_nc_sid=201bca,API,[],2025-02-05 21:58:59.798391,62,46.245548515479,-63.134665768501,102442801995722,0101000020E61000001FCD57BA3C914FC026C83D226E1F4740,
894523564781291,Mapillary Photo 894523564781291,https://scontent.flis8-1.fna.fbcdn.net/m1/v/t6/An_pfFEBXDSHb36s_Z_0J55E6aptzud5rN35QlsRIj4mk0hPEGjKKfVwTvT9gl1AgU3MhV23YHrybYefaxAMMlDZi71T3QnEuP5a_IoS447PrZZepeHqDTAfw6rH8cXHdI1vVmMU_Wvip7xQaWIrXA?ccb=10-5&oh=00_AYDR30LwY5v4GYz417XbL2uafb2FxlmttfeDlnD_hvTs7Q&oe=67CB5E7E&_nc_sid=201bca,API,[],2025-02-05 21:58:59.801578,63,46.238644472888,-63.119718017461,110578714507187,0101000020E610000054DE84EB528F4FC06A36EFE68B1E4740,
3980439398709261,Mapillary Photo 3980439398709261,https://scontent.flis8-1.fna.fbcdn.net/m1/v/t6/An8VNYcjGYm1AqeiWKlW9Ag-TNGVQakGGtiu9KEnzHvZl4gxIUw-DCNGausyuRo_o_mwW44A4KjzeTUJr7dHzfcRmfCY8kGfIJtC7_r2EuFZ594WcBbWRVheecT8p7jI7IcPoKYaaopfX28uO2vfSw?ccb=10-5&oh=00_AYBz-Q7kWT3sgGmTaaFhDGcY4cL5UiIfwku943-u81LLpA&oe=67CB367C&_nc_sid=201bca,API,[],2025-02-05 21:58:59.802801,64,46.243161429193,-63.119043157111,110578714507187,0101000020E61000005B4D61CE3C8F4FC02B04E9E91F1F4740,
1648079322048253,Mapillary Photo 1648079322048253,https://scontent.flis8-1.fna.fbcdn.net/m1/v/t6/An8MtVMT9awBKHIDYe7UgT-XX8oCr3IPgxj0JOOxMsqRxBxJTb3jWZZ77yE-xGWf4le_-DU3FuWcL3SDILoCroo2GqVb-nfiTEt0oTe0nIkPX90ZdlHOTusDpQ1Efrctv_kZZkICpTTsYaImfnVm6gs?ccb=10-5&oh=00_AYAndYkVaERiCJPDVx9ayE9QGOwPiD9t0plS-XFLskGBdw&oe=67CB3FCA&_nc_sid=201bca,API,[],2025-02-05 21:58:59.803779,65,46.234749426359,-63.127601393139,102442801995722,0101000020E6100000603A113E55904FC0BC7BEA440C1E4740,
1578856532303802,Mapillary Photo 1578856532303802,https://scontent.flis8-1.fna.fbcdn.net/m1/v/t6/An_juscsOpdd-qpuuC2KgRrEof8X1TBWbo3WJAvnyLCKQoBqEG3N8YmWOB8DtDmHrXqqZRD_xDlZREOBFxMDLvzoCTOVV7u_QO19oYAuN-7ZkwUMWS0tiv_gTOLmcIc8cM7jduNygIrqWcvRRW9dbUM?ccb=10-5&oh=00_AYCHsnlD_PmMt3khX-Z_l3VhkI9QzL-lyLCd_KX8palyrg&oe=67CB455C&_nc_sid=201bca,API,[],2025-02-05 21:58:59.804706,66,46.239739751321,-63.114676991651,110578714507187,0101000020E6100000535F54BCAD8E4FC0C8BCCBCAAF1E4740,
1946072995548479,Mapillary Photo 1946072995548479,https://scontent.flis8-1.fna.fbcdn.net/m1/v/t6/An-x31yd-BnrFYijeD7p70zWS5uyjv3dF1vCqz4v7opawwjWJiIlkkf1IyffTpqA0SNLyIw29ujHhUFMS-BDkZo0B_WhANxuHJ6bdlauvErOUufCaKsmIxwhpm02CmxagGO-AvpELARCQXjlHXMB-A?ccb=10-5&oh=00_AYB0n0pgipMF97KP8-n4f0IEMoTIofmty2SsZhFfXD98dQ&oe=67CB67B2&_nc_sid=201bca,API,[],2025-02-05 22:00:10.965716,90,6.6301964326635,-1.6173722445889,103903791851463,0101000020E6100000A17AFFB7C1E0F9BFE561B13652851A40,
1411423912531990,Mapillary Photo 1411423912531990,https://scontent.flis8-1.fna.fbcdn.net/m1/v/t6/An9ZXw8iZGts-tw3mpQPDY7fQ9GVhsmlGcnWtt9XSnLjNjczqkNq1tPVhKDmD5rLpzvF0uMT0Kw_EM2JBKGduvCNnAFKNNtranQGLi7SIc2ScAtAKY48xq852y9zGNJPK-Ul-Kblxy4227vyXlk6Og?ccb=10-5&oh=00_AYDA9Jz6E9esBAZ5EWI_QJs18en8KYlt8GCttExJkksmGA&oe=67CB59C3&_nc_sid=201bca,API,[],2025-02-05 22:00:10.966266,91,6.6311022384852,-1.6170119051268,103903791851463,0101000020E610000038321CE047DFF9BFC2E74AAA3F861A40,
1880356382126803,Mapillary Photo 1880356382126803,https://scontent.flis8-1.fna.fbcdn.net/m1/v/t6/An-NAAskMPbOVszEmoOlwS0-lDyosHvB7XGfngIUsGBd8QYkQ2FvDbWardDebuS6hTqKwmITI4dlYrpF3-rIpaNaH377j1HuJ9JQIBFrwWwtDGRZrCVvz9ZCxrmvu-ESlkq2N2mmFODPEOOn1-uQdqI?ccb=10-5&oh=00_AYBeoeVkZTMktZ-3XD5IaIc8Xk2DsTDd5xNjRr-V_wA9DQ&oe=67CB3C1D&_nc_sid=201bca,API,[],2025-02-05 22:01:22.777092,112,30.094357547062,31.488641122807,111579427741401,0101000020E6100000D1EFA995177D3F4017C3F2D027183E40,
2007166079440482,Mapillary Photo 2007166079440482,https://scontent.flis8-1.fna.fbcdn.net/m1/v/t6/An-SZQkS-7UiMo76q4TN-RQkqqFHvA4w5nRf5NWw4HBn9Z4nS3Q-Ypb0weJcruaNCC1Cfy-MNRlU-r3AqO1JzDITFx2HuUUTfTGpDbbBczWZV8LPX_Km-cOb-ptmVWdWpHg8BI7N6tnZulqJBZMBAg?ccb=10-5&oh=00_AYA3yOYymgfRiIxl7S_4ePJKXT3GJjF6BxyhsrHHNuTKXw&oe=67CB3F1F&_nc_sid=201bca,API,[],2025-02-05 22:01:22.778842,113,30.08650320846,31.494666127895,108018458100160,0101000020E61000007CBF7970A27E3F40B455031325163E40,
3956554851047161,Mapillary Photo 3956554851047161,https://scontent.flis8-1.fna.fbcdn.net/m1/v/t6/An9d36_7jm10qlGGh4bGb7I1K4DT1um1eItoMo3dsPmIkg2F9zQA-PHB4Cr5uQsE1l9zkVwTzK0_lxMGhetlVoU5HK1Kg77FqYTppuYUyw9VH9BWCXu4owsXcFWj74LY2QjcZpGXuAOJLwFx1cgi0A?ccb=10-5&oh=00_AYDQZ2R0qhJR2kYi-Uxc_uzVlRdQeKM197LPakXvTdMKVw&oe=67CB467A&_nc_sid=201bca,API,[],2025-02-05 22:01:22.779443,114,30.059527821848,31.487768930902,102337185344662,0101000020E61000009E3AB66CDE7C3F400E0A20373D0F3E40,
2917994595124768,Mapillary Photo 2917994595124768,https://scontent.flis8-1.fna.fbcdn.net/m1/v/t6/An-9jmTVYDasX7kuarzKOlikPrkT6gfHEDcChXfkHd_FiwqmU8wh6XOHfRIZzW-6l01C8ap3SIWXbdrztMJoiem396IZjxl9LgBGqnsSqn9CUcm_uSQl4xYLkAiGKuQhxrK_KcRfBg72emFaUXuB7Q?ccb=10-5&oh=00_AYDW0ZQvB8CVXGXDDDVxovSNP3mwuRcGqZqk-MCV7_nzfg&oe=67CB3C25&_nc_sid=201bca,API,[],2025-02-05 22:01:22.779948,115,30.093222422259,31.494080975855,103751201868603,0101000020E61000007CDF40177C7E3F4037DBB66CDD173E40,
2889052407977391,Mapillary Photo 2889052407977391,https://scontent.flis8-1.fna.fbcdn.net/m1/v/t6/An-uPoS6wuqQeGchyGIajjVMbfAkEnYcOttUs7RD5PqP9v1eJzSNIqKnN00_8MGyHlc8K0bsA8EPGKD8c1UywfU4ffdybVVqLkG9vrJFJRKBiJyXtQGFVfeqgrlDliEwVOz-tAayrDwPQ9QZAm_Umg?ccb=10-5&oh=00_AYAZ-_-9YOZNF7T18AyjOQ08Wt-efyY9TugbfgzmxcoyRA&oe=67CB64B5&_nc_sid=201bca,API,[],2025-02-05 22:01:22.780339,116,30.092649688953,31.498174773326,111579427741401,0101000020E61000009C20C761887F3F40A709D8E3B7173E40,
1639065010238997,Mapillary Photo 1639065010238997,https://scontent.flis8-1.fna.fbcdn.net/m1/v/t6/An8MP6uRCvEg0rZmSX6xsxXmylJzTN6WRgvVhYbmdCBPwzw4QXenKqbx3Q6IcsM-9I4ARAB0h7rsH8N74eWTZnZksuwMogWU4YtTNIWvlQY9rknruLfDeAGEdfAAmB3MHx9kUNG-xFg_n3GQpayE9L4?ccb=10-5&oh=00_AYDRHJmR1XyVFHUjPARFx4WQVkqUJ5VTjxPfMArZ1w2KsQ&oe=67CB3BC5&_nc_sid=201bca,API,[],2025-02-05 22:02:05.360810,132,14.556100354245,121.06291441174,1084439096095476,0101000020E6100000B4372BCA06445E40768D852FB91C2D40,
1621814498192798,Mapillary Photo 1621814498192798,https://scontent.flis8-1.fna.fbcdn.net/m1/v/t6/An8mPgK_2vGPIR-oxB6Y2eukxEToh_c2tDhJTTxtzJkeWzJLzeC5hGoAqTR33RBM46HpaakwnSWzZGL3Pf3Pc41_ITEI2eEekfQECIOw1WuO0ZMYfUN6PVIRupGf5IeiqCW1CVpTHL1m6UuJJ39dIA?ccb=10-5&oh=00_AYBUtbSqm8GL8uks6O7CXl1x26j-bz46Mua5hdMODK6QBg&oe=67CB5B15&_nc_sid=201bca,API,[],2025-02-05 22:02:05.363207,133,14.55576339767,121.06299576515,101711162075840,0101000020E6100000C5C6631F08445E40ED9C22058D1C2D40,
7714390208597197,Mapillary Photo 7714390208597197,https://scontent.flis8-1.fna.fbcdn.net/m1/v/t6/An-0ai4SruvdJ87YdZ6ya1enOsskaWFUBJ61zSpRsFYZE3k_MHMM4ux1dQCFVx7f9PZm8aI4XRROmh5qBDWv6WwEbb69fwmuvvQdg22n-61BT7V7Bryz6U_l8QsqO2eT0I-ZKCFlb4tYjKreEIaPRA?ccb=10-5&oh=00_AYD_8XickxDNkTdYJtOAzyPsRR36g9gZrI4UmDAqD0aMEQ&oe=67CB54DE&_nc_sid=201bca,API,[],2025-02-05 22:02:05.364177,134,14.551060380623,121.06205471966,101711162075840,0101000020E610000023E05BB4F8435E4050CB1196241A2D40,
8063817253637172,Mapillary Photo 8063817253637172,https://scontent.flis8-1.fna.fbcdn.net/m1/v/t6/An_pyVFcy9qZHmL2g0ua1wmBqWIFNQHhAVRwwNfeMoj18TJcb3_e5anwWeGTUtuoWscYrXwVvF5DcxYErGbZK2JRxf0wg9vbOzCiHIJFqcm6hoIJrvHS3XEQKA4agfPK_rMAIRLsWqxKv0K6Z-i6Hpk?ccb=10-5&oh=00_AYAAsKtS95QizuBNkEJiTyt2HBmfxaJoeO4TRWWnbsjHdQ&oe=67CB36AD&_nc_sid=201bca,API,[],2025-02-05 22:02:05.364832,135,14.553747990253,121.06236126715,101711162075840,0101000020E610000091BC1CBAFD435E4087B948DB841B2D40,
1632394230945813,Mapillary Photo 1632394230945813,https://scontent.flis8-1.fna.fbcdn.net/m1/v/t6/An-uFuOZOu5e70itPluF0r-elSbaOLgzqjtlChuLYZx-4oSq9b5R_i5PlArzfBUUQRI-8CNxhDp5JOypM9xZlrWFM7BQdwns6xFBOegfKUCIJ0I8Tbqt6anehcgGaNPNa0K6WuKOMC4kFB3xbT3cOQ?ccb=10-5&oh=00_AYDEIGPJ3-zslMz7afSnlGsMGg05M7IyHlfa_rOJYapcQw&oe=67CB481F&_nc_sid=201bca,API,[],2025-02-05 22:02:05.365569,136,14.551845989172,121.06182235777,101711162075840,0101000020E61000002932C3E5F4435E4053D8B78E8B1A2D40,
54309643731,"Boarding the Pilot - Celebrity Apex on the Return to Port Everglades (Fort Lauderdale, Florida) - January 18th, 2025",https://live.staticflickr.com/65535/54309643731_96a5820234_o.jpg,API,[],2025-02-06 10:49:32.186458,165,26.093711,-80.068988,7702423@N04,0101000020E610000041F4A44C6A0454C08446B071FD173A40,
1691933807660716,Mapillary Photo 1691933807660716,https://scontent.flis8-1.fna.fbcdn.net/m1/v/t6/An9B5rbCn9kyn6rZYTlIvJrd7pXzXGt2exbvvPbOeOCL6rOitpcbDdT18oqLugPW-dflVN9Gx6vG8Z1_JIZiAF6qq-Y8ozzT4Xs5FCPpMzsR-_T1JHzkAPaZw4sOCW_jHWiq7692VcUhv8DTWvdQNQw?ccb=10-5&oh=00_AYDwLzDXNXy64hcsR-kNNrSVlh1dZ4gJDd0DZIsdaITmRA&oe=67CB3A17&_nc_sid=201bca,API,[],2025-02-05 21:59:23.551650,67,32.956661153674,-117.04811655524,101457438767559,0101000020E6100000BAC9755714435DC0153168DF737A4040,
1691169874415602,Mapillary Photo 1691169874415602,https://scontent.flis8-1.fna.fbcdn.net/m1/v/t6/An-qHHHZmPStGvjcD5EqDlU0UILEPSDCmMeoClbGUz7r16dXWu8zZ_0pEpjI-49HkLAqMusMc52PsExD7WxM5gUv3omVX2LNWd2OeZ_2y1RYRWP5fKI1TgZRVl5cTBQFcOCfRqyAU48R0RNDF5VbJk8?ccb=10-5&oh=00_AYBPH_oenmQylnWVU3zxjKYBbzOQSzrz4TpMYbmXmrwN0w&oe=67CB497A&_nc_sid=201bca,API,[],2025-02-05 21:59:23.553176,68,32.951791635242,-117.06290601766,101457438767559,0101000020E61000009024F6A606445DC042FCEC4ED4794040,
1741220202726222,Mapillary Photo 1741220202726222,https://scontent.flis8-1.fna.fbcdn.net/m1/v/t6/An-AX8zEY_XLyrY5QGu-YfL59_6_SCKBa5KJ5bftIDglYV0l15GQ36upIygJMWnKXfgEsYCtL8FZXCHH6-ZMAh1RgyJ2UD3xedv9F9RMjWpV8UgyAKYf9ZdlRVprdELZfY7gAQ8RNKmcYFKqkm0Dpw?ccb=10-5&oh=00_AYDf2UVGkevEOtao0crSFYVIH3ttV2Pdg4uHxF-unH-Cgg&oe=67CB5F52&_nc_sid=201bca,API,[],2025-02-05 21:59:23.553705,69,32.9567064695,-117.04877233049,101457438767559,0101000020E6100000DF19FB151F435DC0E32F8B5B757A4040,
1615805295296173,Mapillary Photo 1615805295296173,https://scontent.flis8-1.fna.fbcdn.net/m1/v/t6/An-sOjvS8YvjPa_UJ6zHG_H-asKQCOHtoggaINotMxAFT5PM5oOQxDBLBtbsX8NNuEFHPk-x-JyVGb94u9j3bgPQArMC9jByv0LFZjSNdE9iPY4V2m0ZbLsQItK366CBZymUmyYAJLSvwuWuV3rp-Q?ccb=10-5&oh=00_AYBXWSVRgoH12kLqwNzA_vwF7qDJfRvsIzCTJzIa6ntRWg&oe=67CB511D&_nc_sid=201bca,API,[],2025-02-05 21:59:23.554195,70,32.958550123075,-117.09905632055,104408981801642,0101000020E61000005C4E52F056465DC08A173BC5B17A4040,
1734236403416172,Mapillary Photo 1734236403416172,https://scontent.flis8-1.fna.fbcdn.net/m1/v/t6/An9gIe8SBgBqGP29kL5g6-RU1oypeTfejrFRkGlp-ry6vcfCZlWtJ4hdNqXDV0tgXDiANMW2upVNZIfqieS6lNcH-IE5PhlDXRTrUKh-CMpdeQID0D9gKM0zGtPdDuIT0WeUJcoQiXOF4yrw10e4Tg?ccb=10-5&oh=00_AYAZ4dcEDCh-WlSbHqOmxoE136MyJy12o1ls_mNwvoxdXA&oe=67CB65BB&_nc_sid=201bca,API,[],2025-02-05 21:59:23.554648,71,32.955245567341,-117.0562777001,101457438767559,0101000020E61000001C5BC80D9A435DC075B09B7C457A4040,
3940803276027156,Mapillary Photo 3940803276027156,https://scontent.flis8-1.fna.fbcdn.net/m1/v/t6/An-ZwleIAkLwjmnoTyVz14aFgxDuABYiEazEHcS6K8pnsLJx22UTBjlOk39y2Om4G5ADpdZWhRmALXDRyeoT_2DiL7EUrkb6ER1ulsnHoIzQ8opOCp3GrGHWg4pYz7gK9H93nsAcPWTLWeEhmBo67Q?ccb=10-5&oh=00_AYAJOHvPbLWu-HPbj2RCNmFEUndl9EAxyZVPuo_s984ReA&oe=67CB6770&_nc_sid=201bca,API,[],2025-02-05 22:00:21.436790,92,13.503652435395,39.477991316827,109522081282416,0101000020E6100000A0C5C8D12EBD4340022565BBDE012B40,
1879604222217146,Mapillary Photo 1879604222217146,https://scontent.flis8-1.fna.fbcdn.net/m1/v/t6/An-1IPuwC3KC9yCSVsrrWm34_pWOY6dx25rbb8uNGW7hlwV8bMUdeXwhVmw8Qnhoo0EGIWNzIjAh43vLOtjW8PpvrT-yG2UaIXCWjzAVE7gQF7FaNASEC-6_WWVOyNNEh-Aqv7fhwORXtcr2UbaUNQ?ccb=10-5&oh=00_AYDqc1VMVplU_1y73VFO2kArHZLVQQrJHqo4ozbWjc-w_A&oe=67CB45B6&_nc_sid=201bca,API,[],2025-02-05 22:00:21.439999,93,13.496547074308,39.475727592346,100501808861311,0101000020E6100000277749A4E4BC434099270A6B3BFE2A40,
4620724391289962,Mapillary Photo 4620724391289962,https://scontent.flis8-1.fna.fbcdn.net/m1/v/t6/An-rst1h6seH8sYBF_TdzsCNpZTLX1fGU3oLvtr4enNmt9iSiA6hkCcqj04E28eA8l2Q9fO2mRdLpbmL0Xj6WKi_HPuckgKFFu3kDoUbDBug2ryOCBZcYHTKOcnai-F8CTTO5TU3I_QBWrs0rmj0vg?ccb=10-5&oh=00_AYAd1zTtpLxm7yZruOo9uE0NjTb_8nNcgZQ2LUApB7dOeQ&oe=67CB4DB0&_nc_sid=201bca,API,[],2025-02-05 22:00:21.440835,94,13.503687796853,39.47278509929,109522081282416,0101000020E61000004BBEDD3884BC434080C1ED5DE3012B40,
941345866722995,Mapillary Photo 941345866722995,https://scontent.flis8-1.fna.fbcdn.net/m1/v/t6/An91Te85EkNO1HKbaW2W01-qWPkUKIJNKirDwpmnK0a9L-mDndIAwOxkEtR1jUk2WQCW9WvNiAnwrqg8swJIwX8PRzcbRV-1smkGN_gn12gXSgM2gCpozgMu11UUKoIuQLpgPnGlEUOyOiLQU8mUxw?ccb=10-5&oh=00_AYAgAS5xyYCWKpklyUdZpSod5b7f3EqcL_ymSj8dVo8bew&oe=67CB4407&_nc_sid=201bca,API,[],2025-02-05 22:00:21.441726,95,13.451720287268,39.461261903692,100633772186327,0101000020E6100000B99F4BA10ABB4340F682A9E147E72A40,
1976343769186669,Mapillary Photo 1976343769186669,https://scontent.flis8-1.fna.fbcdn.net/m1/v/t6/An-6hDasa9cq3Y8oRVjIoz3rJmqcu5QomWx91_QsA9AmjWuPsyJnrGutYuc5N5ckNzSzh3Z1-lF2eDCvcjcgITILcd6VP4_K-C1sZGa1bhCH0FSPSfwJaUgtv6QuK8nRbrbV54vFxyLqCO-9Tn2bhC4?ccb=10-5&oh=00_AYAXve_E_KEq96BAEroqaM3wJgcMQqMsjZoW7AhOf5-ffQ&oe=67CB5116&_nc_sid=201bca,API,[],2025-02-05 22:00:21.442503,96,13.516343696161,39.486116642879,109522081282416,0101000020E6100000729AF51139BE4340B70371335E082B40,
1639887140188428,Mapillary Photo 1639887140188428,https://scontent.flis8-1.fna.fbcdn.net/m1/v/t6/An9GygTM1nPtOQrbkSAJsA9iq7sLRFFI-K78WV8iX-PC-vuosKSrD8srPdFzgm6FBk9hybKhoohDuttetXW1gMYygxc2oJfb8GUp0OCQZRy_2JMhw4xcd0SBwaZa5R9wgE5tZUt9thyx-4OGDoMPxA?ccb=10-5&oh=00_AYCnCW5jA_6N7SUTfV1xgJnAsTgrQ5EI81DpkHxs0nOQEg&oe=67CB41BA&_nc_sid=201bca,API,[],2025-02-05 22:01:34.511785,117,31.640006548381,74.286733654106,2848057482025051,0101000020E610000010C31CD859925240B1851A78D7A33F40,
1962770884162926,Mapillary Photo 1962770884162926,https://scontent.flis8-1.fna.fbcdn.net/m1/v/t6/An9GPV1fmZihEza1D1iMxIbrs1Gs9EjgVqAnm4yVPSbAxtCo8X9Cygoar08pIJCvgNKdCeNuNFnWD7SGBi1g7u69Gv5Hp6DhuYTrhCgfFrK7KKR9qs1BRt1f6NYrW9t3Cf4-uRjFlpBgFKD8Gr53-vE?ccb=10-5&oh=00_AYAv2bLTkEAxYMOdeBlaiZS2UxSW10nUMdZgV3E3bA3aDQ&oe=67CB405E&_nc_sid=201bca,API,[],2025-02-05 22:01:34.515396,118,31.637055515148,74.280106319155,854505039863901,0101000020E61000001D0B0E43ED9152400E4CFB1116A33F40,
2272421289767734,Mapillary Photo 2272421289767734,https://scontent.flis8-1.fna.fbcdn.net/m1/v/t6/An_v8-sScCi0d20-jOvQZPRPuKgXD0G5zs5iOhmGXL8O2UnmE3mT0pIjGWdYQNU4HdqLjphiF1cHy0YdPu62T5vWQUPl8_kjNnL_iCO5s8crx0wC6Q1Ab0eRwMqR88GYxHmfozDXcCXWltDvZ_TJwWc?ccb=10-5&oh=00_AYA-_B8XTzU1sTZkGYr0CsAwuZtCkxrOOUGGOnWDare7Xg&oe=67CB4C68&_nc_sid=201bca,API,[],2025-02-05 22:01:34.516348,119,31.640455032082,74.286924052258,2848057482025051,0101000020E61000009238B3F65C925240CF5969DCF4A33F40,
1419633962053294,Mapillary Photo 1419633962053294,https://scontent.flis8-1.fna.fbcdn.net/m1/v/t6/An-djTw2qTgsYOCUafGTBG5DXZdu4aCOpNnsrneiGHAVh8Pw55MZ7hZdjlZkpsRujadVwV07DuRtsZ9ZLKhTqKdophNBm7xdpNBOAewUwV5LrN4oUB_gNVDHA4FVT91oG-G-V2NDAGjMYqJFXmQfFWQ?ccb=10-5&oh=00_AYAov3y9_OrxEAJ5IpeGMF8pNO-tD0zbaSIt1SdpHGlKAA&oe=67CB4D28&_nc_sid=201bca,API,[],2025-02-05 22:01:34.517044,120,31.642213748292,74.285500093226,2848057482025051,0101000020E610000048DA2EA245925240AAF4C51E68A43F40,
2006798136405317,Mapillary Photo 2006798136405317,https://scontent.flis8-1.fna.fbcdn.net/m1/v/t6/An9YfXhhMdd2AVL5lhpraKp2Yy3Lyn4X4CXrT5Rq7vTZEhGsW2A-CbQqJ-wQD3QdCgjNYd9N1D0_q_Zw5vFsImp3QlKEvwbkQSmvgp8dR1keuj8t_leM9Icz1b3l4PTlCMcTFEdZ62bT6ovBUeOCSfU?ccb=10-5&oh=00_AYCWLHRmjkRqcZH8Z7nLkSQe-Xn_r703p48KE71lXIRQlw&oe=67CB51A8&_nc_sid=201bca,API,[],2025-02-05 22:01:34.518812,121,31.639452229394,74.285726642849,854505039863901,0101000020E610000078A8665849925240FD992C24B3A33F40,
3657806844485012,Mapillary Photo 3657806844485012,https://scontent.flis8-1.fna.fbcdn.net/m1/v/t6/An80afEjbH_ASYLRiHbsDEx1mj9v8tnnp0zpj6YIL3dZpd7Z_vyZ4xfvLADWS1Zr7lBtjaAJRYubMMiyDYGV9Rc6ItKN-Ir4TQEl3UhmYNM1-PbXY1N1jXqycwtb-iQFVLWT0yCbaeWAfyv41b0Hag?ccb=10-5&oh=00_AYDOt2IjkeAYZg0waZ_Ubnbpzd3H39-m05vJT-5X5hPtGg&oe=67CB61FA&_nc_sid=201bca,API,[],2025-02-05 22:02:15.610104,137,47.683671374824,-122.38754282339,107708041466249,0101000020E61000009D106A80CD985EC04C0A2A8B82D74740,
1995142337483655,Mapillary Photo 1995142337483655,https://scontent.flis8-1.fna.fbcdn.net/m1/v/t6/An_RPNHYILNWU0C6hZeVNHCP9-8h1DrEJ5070LmoS0zP0uWaRbmblZdTK0cGg_DZHewgUzBU0ka5ke-W3_tR48T6vkYVrq5vZ015tjb5bdv24LwPjxKKHbNmV-TrWieDhx67qI4qx4NtP0Q0-KBbEEI?ccb=10-5&oh=00_AYDsFPuK2zTFMHSFA2tDyWdcnoJSdQWBE780AkixqQoPZQ&oe=67CB5E5C&_nc_sid=201bca,API,[],2025-02-05 22:02:15.611918,138,47.68336364027,-122.38754200072,107708041466249,0101000020E6100000CEBAF67CCD985EC01A1EB37578D74740,
1382033245977034,Mapillary Photo 1382033245977034,https://scontent.flis8-1.fna.fbcdn.net/m1/v/t6/An9VwIsAyMRkTw25DiiD4I-Lh8GGWsktzF_IKKtw6gyesWNtpfjY93QVG7o5cPBfpzzQi70ZEcdlvY5xshNvhb6Aq-O5CNPJ_veVdbaWgwc7MZcBydzdib5SdaXY9f6xGrjXh2lIdW0BhlhBmtFIxw?ccb=10-5&oh=00_AYAe31y7ysNQA-aF1bnyViVSM_I7GNeplJ5EAKyJ7e73YQ&oe=67CB34B7&_nc_sid=201bca,API,[],2025-02-05 21:59:36.253442,72,-2.1522987038723,-79.930627605634,103853795191073,0101000020E6100000FBBC16678FFB53C076D60262E83701C0,
1382232759296053,Mapillary Photo 1382232759296053,https://scontent.flis8-1.fna.fbcdn.net/m1/v/t6/An_v6wnFo7gvBlHzP7GtkIqoLwWsKnuN2juV8hd5SOr1pk6An9mA5hEXgcxAl1821Ay--GmKeVZmB5rW3LbEZ29LPn9_a63kpqGbpGQWpM4P1zOvghlN6RTGmjvP_3duFJHw8_V7YSZTG8tbHUhITw?ccb=10-5&oh=00_AYDmzzckv-u4WSe0R4a105DJn8cK9u2llEAoZCexOvfV4Q&oe=67CB575A&_nc_sid=201bca,API,[],2025-02-05 21:59:36.254937,73,-2.1549554116333,-79.930736621496,103853795191073,0101000020E6100000F3A0553091FB53C00A6D4A43593D01C0,
1378689736042140,Mapillary Photo 1378689736042140,https://scontent.flis8-1.fna.fbcdn.net/m1/v/t6/An96x9T4x9seXX7qkIuLVBVQwECfjvb2eqVwmOHVy0gwOKbjrxl2go61KY5PQ4g-agQo42-UbPPqHjxoEZKltOFfk4f8hIFH0m0mYc-_OJ1CszUQYsHLoK5z2NxCaS4EyrttfevV0OdU5pBYMRgOVQ?ccb=10-5&oh=00_AYA2oRvHUgzF_osSc3W7NXvD_0TaO8GL_7XMlV_z_eQecA&oe=67CB3CE1&_nc_sid=201bca,API,[],2025-02-05 21:59:36.255525,74,-2.1566402084264,-79.933893976182,103853795191073,0101000020E610000085683DEBC4FB53C0AA70E394CC4001C0,
3472014836377585,Mapillary Photo 3472014836377585,https://scontent.flis8-1.fna.fbcdn.net/m1/v/t6/An8Ee7MA507Z4ZilCMjEFtpHtJoM59u2135CCj7fDAYHaQ2fhgAOVLzHBC3bQ82pkNSs0-rP2ArS4OEPK-GrU_aeteVRL3VoCWoLGoSDXkxf6N1yQq1AXmAZ1-IOd2m3T23H37BB0xcEQfuwRLc8sQ?ccb=10-5&oh=00_AYB2JSiFaIfGKHt7-bh5yqgVjAezmud-7pZ20EVRx5Iy7w&oe=67CB39B2&_nc_sid=201bca,API,[],2025-02-05 21:59:36.256076,75,-2.1528379969313,-79.930193558063,103853795191073,0101000020E610000026B58F4A88FB53C0A83FB320033901C0,
3149176982050695,Mapillary Photo 3149176982050695,https://scontent.flis8-1.fna.fbcdn.net/m1/v/t6/An_35DbRlo0spKr93Pa7XkOsgN35mOsQIL1sfGKEIoLBDUDiLw3TrSG1ZDaxDEc4TZW2CAnrdQTxIclYOdIAafnYZArnKz5zyCBvdIsLGB3tM5sc5Gk955lxeerfLX5D8_cVOxD8xltYN3glfM_nyVY?ccb=10-5&oh=00_AYDJ07xaypcvnubP0XXV2YoDKKkP6C55-2vk_5E39_YgXg&oe=67CB5E65&_nc_sid=201bca,API,[],2025-02-05 21:59:36.256622,76,-2.1555432518436,-79.93186700792,103853795191073,0101000020E610000038CF84B5A3FB53C00841DE758D3E01C0,
2387943991391661,Mapillary Photo 2387943991391661,https://scontent.flis8-1.fna.fbcdn.net/m1/v/t6/An9B1iLpDVO7W_38bebb_Jlz6ISWFEXi1MyQdpbNs890bftt02YpoWBv-PYubMbF8oTdKrECHMTadTAsb2OsRl4XGwFqZPVyoHMCKLgeJ6ndSDOgIWapF4inYR6tetURsKEyb_o4wx1WWVBe-rW5zA?ccb=10-5&oh=00_AYB9_lnyF9V3PlLzPLvsnGM_H5xDIaFifHVfJ-NmEH5KTQ&oe=67CB380F&_nc_sid=201bca,API,[],2025-02-05 22:00:30.942772,97,39.426450863628,-0.40390518033012,110176224549682,0101000020E610000076FB0C1D95D9D9BF0D5120F195B64340,
3552255141700172,Mapillary Photo 3552255141700172,https://scontent.flis8-1.fna.fbcdn.net/m1/v/t6/An96QBDXIgzBy263RSufwldZK6t1zIIJ6b17QaJA_605DnWiah3xnuGjLs65tAVaWCCLSxPR7hUseF0BSdWszJXxqwLiUlPOVwCGPyEEC885ixiqs6aO0CT74X6vq9hiTN2RMIRr19PuSY9HPHiEyw?ccb=10-5&oh=00_AYASmNsX9_MwLGi_7uuEr6fdqfxYUY59QisCWvRxPCWh7A&oe=67CB5C89&_nc_sid=201bca,API,[],2025-02-05 22:00:30.944773,98,39.426809201325,-0.41380266480142,110176224549682,0101000020E6100000C576142CBE7BDABF50A914AFA1B64340,
1458354731171222,Mapillary Photo 1458354731171222,https://scontent.flis8-1.fna.fbcdn.net/m1/v/t6/An_uWq-7rRFNn1AgoNeosCVMYZMw3ECe8svlXL9YEVul7pmGeBO0O00tAX1R4KrAL5h0v2QUEXXJIL2J4N2OUhWbXzBz-WyLocUc8Mejj1h2taSW9KdvyYxmUEH4uq213Hih65fFZqWB6Rmf8dt3Tw?ccb=10-5&oh=00_AYChMjJSu-07jdjMxfigamMn8zhGmPXsyYnM0RsbgfR9AQ&oe=67CB3A65&_nc_sid=201bca,API,[],2025-02-05 22:00:30.945428,99,39.470686668315,-0.38326302486677,102851851958814,0101000020E61000006A6764A36187D8BFBE89F3753FBC4340,
6744072935631964,Mapillary Photo 6744072935631964,https://scontent.flis8-1.fna.fbcdn.net/m1/v/t6/An8NsceCWkNsz7criTJ8KeWqBB6nD8HK89MoUe5JT0dEeQ8sS8Y4qsSNYebEIEdEmQGiNwlcPZ1h-a5IMcL7F8IlfI-rUCEx8SKkfA1SD5rQHWgHUn5P8tq4XA3dsjgjMAHbn1PknNKeSHU3ypicmyU?ccb=10-5&oh=00_AYBpJJWTeFjurbnlvfqJiRf6CCXmeYZkMCA0miptG-w8ag&oe=67CB42BF&_nc_sid=201bca,API,[],2025-02-05 22:00:30.945929,100,39.423285592954,-0.41593444721959,110176224549682,0101000020E61000006BA10584AB9EDABF7E4DE9382EB64340,
1452912141813499,Mapillary Photo 1452912141813499,https://scontent.flis8-1.fna.fbcdn.net/m1/v/t6/An8i8LSfS3vGxVCvomjk_AVTy3Au1zIaNYS17U-j_vNeTs3m4w2N7LKLHob-_TxqaoGij-u5ePUjwdiuHCT2NgtroZD8ozR-ocXO56cz9SEw6K_aV-QhOt_0ACeT9RRG-dVubHrEVD3JPwjTVND9Tp4?ccb=10-5&oh=00_AYCJ-jwpXjyW7kQy_3DzUcJDAFhQu9cwn3pcnql38Mva4Q&oe=67CB5FE9&_nc_sid=201bca,API,[],2025-02-05 22:00:30.946407,101,39.469082162011,-0.35947974953737,110176224549682,0101000020E6100000EB95F559B701D7BFB37C60E20ABC4340,
2676938012605161,Mapillary Photo 2676938012605161,https://scontent.flis8-1.fna.fbcdn.net/m1/v/t6/An_2tHtoThCCt8hQvdIAK86-oP9WsXzZX_ks7zMSmZZre3ZI-7tplEU1hafj3VLEwmQmBhYZqnX6czt-zoVe1podbHXBKnEh0mhRPir9lYiY289jx1c_v1-rFpd-jwhsPWZCb2mIk8APSHOG60Ggr4s?ccb=10-5&oh=00_AYAZY5ePnIYEQF9TDVw99967RiUXkGeK5nMNxEIjHTi5Ow&oe=67CB6B69&_nc_sid=201bca,API,[],2025-02-05 22:01:45.784610,122,25.038517421501,121.4614143463,106597148245839,0101000020E6100000E1D009D0875D5E404CAC1947DC093940,
2711041255744031,Mapillary Photo 2711041255744031,https://scontent.flis8-1.fna.fbcdn.net/m1/v/t6/An8jatKTB78IbizsBijDKVxWljEook74g1Rygev8CqpL4GYu-gf7oOX6WMxTMAqvwToE-TzTe0bgLMuMreNiCClNPohEoX9f2jYbnLIqNLVHDYymGwWhofoUR2FRWkvsG6i2wbvdsn_r0v3afvtZDNo?ccb=10-5&oh=00_AYDTsD_8hM3ZZX-FTbPauQdDMaGBfuPFf3ck-QPTqlABeA&oe=67CB6503&_nc_sid=201bca,API,[],2025-02-05 22:01:45.786294,123,25.033286551442,121.46433911119,101914818722206,0101000020E6100000253464BBB75D5E400BD7A97785083940,
2668964763406333,Mapillary Photo 2668964763406333,https://scontent.flis8-1.fna.fbcdn.net/m1/v/t6/An-ykLqlBSB-lU7czm8A8RqcQbx_ZeOl2MflnPFtc0LSUVYZzx1KA81AMPRzIoUc7x90dr3D6lGKBo6o8ItfabiSzSWGAUJw6XPWTiRorFRqdxmAi6Ni5pLOXtgGYmNTKwLxjRcqlmQgE94_kQqkhA?ccb=10-5&oh=00_AYBE6CA3EumnyPakvEEIf8mIseQ14zNolPfNtXH0LbtAHw&oe=67CB6C76&_nc_sid=201bca,API,[],2025-02-05 22:01:45.786923,124,25.031842238911,121.45072863259,106597148245839,0101000020E61000001216E8BCD85C5E4011C11ED026083940,
2667228003401000,Mapillary Photo 2667228003401000,https://scontent.flis8-1.fna.fbcdn.net/m1/v/t6/An_lrCB9xZN3CoHn5cKx8Yg4QWw2SUQRmoquwevuY1Zmu89yQojEtpbf1vMIvKfsS79ISTGTZXFmozRBf812YAyjB-WXxmWziAc1CQLuL655b6oNfw7QG3HPENaZ4QzG2ez-XbyviBPJc67E1lN14A?ccb=10-5&oh=00_AYCMmYALij8z-zUEIVzSToW4rj6tLqEnzHtuNfY_RNQu3A&oe=67CB3C98&_nc_sid=201bca,API,[],2025-02-05 22:01:45.787492,125,25.040966605511,121.46387468469,106597148245839,0101000020E6100000E50B721FB05D5E40DBE596C97C0A3940,
2710720795855298,Mapillary Photo 2710720795855298,https://scontent.flis8-1.fna.fbcdn.net/m1/v/t6/An8KMfFqVxLjvC_l9aMZCzdeohLdFNCOEr2cZPZxsRzG7gkF53ET6T0K5oHEdFFnt0fklabgSKIUfqTJ62a6DnWkZIVr2lLp2fxThIn7ewBCfUFrJv0FPI-V4bzSjMrL1VfRjlB_X3KWxFkkRFcPuw?ccb=10-5&oh=00_AYAAkNHMPEiILafZatSC8bHpoVnQe1L4IeTmtKjChLhP0w&oe=67CB6146&_nc_sid=201bca,API,[],2025-02-05 22:01:45.787996,126,25.035219548884,121.4556387198,106597148245839,0101000020E610000045154E2F295D5E40FCA2FA2504093940,
4540204002662682,Mapillary Photo 4540204002662682,https://scontent.flis8-1.fna.fbcdn.net/m1/v/t6/An-3L9tSWYu9VQ9BfE6q1ff9D_CsAufq9FMG8yX70-VJihD_9vKHupehkRdE_46Hf9zEXPUGsQABoiy_7AA9mSnRK6xcLoZpeUjouxdApcTVd5pnmvL8AzyaV-IMHNSiyRg0WIAMVVQdtsju5bMOF4g?ccb=10-5&oh=00_AYCIiCHf6qTUy28ixWr8-iARwKXF1lR8-gQGfyhRJSajEw&oe=67CB3B1B&_nc_sid=201bca,API,[],2025-02-05 21:59:48.143734,77,6.4860676562251,3.3648619881663,107191244851181,0101000020E610000088D215C33CEB0A404D853CB8BBF11940,
2889984931272125,Mapillary Photo 2889984931272125,https://scontent.flis8-1.fna.fbcdn.net/m1/v/t6/An-toFxexwOyEWfmuK8Y78RRUBTQR91CA_-IJCgcTGW6eUUC_8-R8RrQ-BLiOsC-d7lC6m6o2yfJ_2Yu_99Ed71NxLDLxOtlZxDTK1UXIYPB8AqjWketYxmjwuicOkZg6SXt0Q1gx9CtfoF0I7d5N6c?ccb=10-5&oh=00_AYCbunj7U8HJ09NQMnzTuQEpc_fzcrBt7E1ln21QrwCVFg&oe=67CB6A79&_nc_sid=201bca,API,[],2025-02-05 21:59:48.145933,78,6.5109815053013,3.3635213222218,103903791851463,0101000020E610000000BBF2DD7DE80A400D8558BC3E0B1A40,
4379091905469112,Mapillary Photo 4379091905469112,https://scontent.flis8-1.fna.fbcdn.net/m1/v/t6/An9pj4t-vn30WHI17FtCjY2kQG7OmXcjX0h_WFg9EUbBnOXWFxcMZ8ylDPOVYWzLG7Ud2NAOKiGI-Ri1Irb8U9BEtloaThGlM00kDyghIsMeoZ9YtwGYYwIEOo08Qp1Byxh9t623U5I1TeVIvIldgg?ccb=10-5&oh=00_AYCDLMSIRs9ahbu86TJWAriwgIBDRga-5YKN2lQF7ETWIA&oe=67CB6302&_nc_sid=201bca,API,[],2025-02-05 21:59:48.146597,79,6.4868072903581,3.364585814553,103903791851463,0101000020E6100000AAB9B0F7ABEA0A406F2B3E9C7DF21940,
1386078012256317,Mapillary Photo 1386078012256317,https://scontent.flis8-1.fna.fbcdn.net/m1/v/t6/An8xnI50nLy_M1z_iTlHhWT6WbiumPSKZHDLH8IClgkrHY3vMfJPyuuM0NDVCVWBYecJIb5YcPMD9hUwuRAu8ZvHV9vZHK5Sw7khBAznWUNknbIL4EDQQT6YeeM0ToTdl3891f-C49ckQ_klnfEG6kE?ccb=10-5&oh=00_AYBNS20UYUJSPFckXe6LgFlF8RonCikf9qBhjHFAWfwavQ&oe=67CB6170&_nc_sid=201bca,API,[],2025-02-05 21:59:48.147340,80,6.5123756239034,3.363997399982,2018929295153612,0101000020E61000008603067877E90A4015BB0F32AC0C1A40,
2814122522176476,Mapillary Photo 2814122522176476,https://scontent.flis8-1.fna.fbcdn.net/m1/v/t6/An_rzVf-fRsFotNoTVRencG48oy0xGDmg6f4pQba7LsBqZvH4DazaN7ueVEdZl0CQaLbMrfHpLOV0QjnVCicbwC2SP8Z97gsyStJ5xqzoc46IwKkPvT0lEHYs5XG-JMRt6LRoDtnG3x0BWBseVpNUw?ccb=10-5&oh=00_AYAnzZko9q7Yr2K0rBfRv6zaGb3wwnRXkxLoFHrfJv9khg&oe=67CB3B16&_nc_sid=201bca,API,[],2025-02-05 21:59:48.147955,81,6.4998248626324,3.362482069601,103903791851463,0101000020E6100000DF94D2FF5CE60A4076EFBA16D2FF1940,
1782504142164974,Mapillary Photo 1782504142164974,https://scontent.flis8-1.fna.fbcdn.net/m1/v/t6/An81xhRotur_j5e1F7JjuAlaZFdTczWS5xft_HKeEUtVTXhqWaW41M9MM6SaFn6kzJRH-azyl97jqPq6sWMadeTCKZLvpuzBxc0IeMQDtSWrhmfcPRuIHVwFhj48vRklQ1fm9ZWG-Agz1II_IvJMwA?ccb=10-5&oh=00_AYDYNtuWvC-Sb2EmOnHovOEWRy2W46sreiSPcPlASI8-Xg&oe=67CB41EB&_nc_sid=201bca,API,[],2025-02-05 22:00:41.326261,102,41.172465699999,-8.6487638999978,110025247896111,0101000020E6100000C6A12AC82A4C21C0B796265B13964440,
1778066175706139,Mapillary Photo 1778066175706139,https://scontent.flis8-1.fna.fbcdn.net/m1/v/t6/An_DJAKxxlcAz0N0qlFMfhK5qZHGyNfVecPTxRwrVc_0D6RMLBOirOrNB45X1jvmxix1-UVg51Lzjg6oPg2ijUmIK6q_GpFkxr7FBCBndg1tUXn9Go27jLUOAyNkR9oCdlXD8WJmCxF7RZMBu49GHw?ccb=10-5&oh=00_AYA2EmbVYoox5cmuqhMn2og9dMa6YyN3ULGDwMq1vFyaqg&oe=67CB6047&_nc_sid=201bca,API,[],2025-02-05 22:00:41.327674,103,41.166285054883,-8.6411315226733,110025247896111,0101000020E61000000DA21464424821C09D4424D448954440,
1781268518988054,Mapillary Photo 1781268518988054,https://scontent.flis8-1.fna.fbcdn.net/m1/v/t6/An-aN0g0qUSHbejjOHHm17WZE3W66r0tPHUmX0DCxqJAFUvVny4wScY0ac4YYAYcor97FLuCx_UOJkwgQQkaAyzYufL5G5GI-2HlLI22hmhPBQfL8Y_WNTiT2fcSsErCpf54-SE4qoOZIRfpKoM9gC0?ccb=10-5&oh=00_AYCznZJKk6mESBS-eHgiWZkVX8qKRhs9SlQ51Bai2CsCoQ&oe=67CB3FAA&_nc_sid=201bca,API,[],2025-02-05 22:00:41.328097,104,41.166329940029,-8.641017285901,110025247896111,0101000020E6100000203BEE6A334821C09662AA4C4A954440,
1783700628765599,Mapillary Photo 1783700628765599,https://scontent.flis8-1.fna.fbcdn.net/m1/v/t6/An8oV1Yg_L2qFm1_FY6QLQzXuEpGYnjLCA6Unmyajl1n_EN58ZLw-bwzLLRnZpmHr2gCL6AZ1NySkO5uO6j9owmS6EqyPZbPcyqgNgMzgW1-zxhGSLbZrOzvBOP_TP-nnsi-B68UeBBcbLPQmSO6gg?ccb=10-5&oh=00_AYB7lRzGhtAkwosap1lOHvxPuX5RYIsbtNVmw3twTch9LQ&oe=67CB36DC&_nc_sid=201bca,API,[],2025-02-05 22:00:41.328562,105,41.151629970531,-8.6419160527772,110025247896111,0101000020E610000035E98A38A94821C01543629C68934440,
1778370522577011,Mapillary Photo 1778370522577011,https://scontent.flis8-1.fna.fbcdn.net/m1/v/t6/An-B6gmVXtEhE_O37jBrPNkbohoIOxc404KVOynwyzuqS0ic3lfvWp360kv1gFf5P_hlp_55k8KyIcSBkeIdIIuFcFsQVmVLlzFvjf-K3xwVNzqkSvRDtOBzqSS45GCxlPhSR4afAx0zTqUQ7jX27ow?ccb=10-5&oh=00_AYCwclfI_tN2WtLZXZtWlvVBiNa0IFruDjyKa8dkEdB4-A&oe=67CB4741&_nc_sid=201bca,API,[],2025-02-05 22:00:41.329370,106,41.164870690014,-8.6428955952783,110025247896111,0101000020E6100000EEEC889C294921C0ECD6967B1A954440,
2835780709880134,Mapillary Photo 2835780709880134,https://scontent.flis8-1.fna.fbcdn.net/m1/v/t6/An8J21mu2nuwBoJ8OhGprWSc33TKwRlAtLRbWZVLuBJ6Y1PSJVypyrDxszUfgvxyoFvMqZCQ1wgCJC5BSYOHY8QmQP4QybFOWZ-kqyovOhyFA9I1cGIiREephlTXtEXMGgndDQz6o9oEm49nCJ32Zw?ccb=10-5&oh=00_AYA3kkEs9miaz6FE-Qot7FwPH6RPlbUA8peck2qDW2ANhw&oe=67CB5EF6&_nc_sid=201bca,API,[],2025-02-05 22:01:55.930611,127,14.604893981913,121.03552490054,108620204707407,0101000020E6100000D4803B0A46425E4023BAFBA9B4352D40,
1671551103680837,Mapillary Photo 1671551103680837,https://scontent.flis8-1.fna.fbcdn.net/m1/v/t6/An8wyuWYoToPKrMkWq65orZ4cdjqdERFESOdnHCjI10mYodShcPKj2VgbUOalR7n_q4WSlSnHe7b_fxwnfeXNOSytUOMh3Lncp0sb4SAJUQFA3FJFa6R00JmIRjT-jQIlwp1WrBiDPS4e5D8Wr27dQ?ccb=10-5&oh=00_AYCH7dN2U5dg4iMQJ5XIgYjyGh2Z1cn-lPXEHTHnpcXuzg&oe=67CB50A9&_nc_sid=201bca,API,[],2025-02-05 22:01:55.932636,128,14.625115603916,121.03719606679,111480967750226,0101000020E6100000C9999C6B61425E40B81306270F402D40,
1836668256491304,Mapillary Photo 1836668256491304,N/A,API,[],2025-02-06 10:30:37.784596,,49.873650229034,24.06060534077,101072938806675,0101000020E6100000F191E4D4830F384006EC4CC5D3EF4840,
54309827080,Carabins vs V&O M 31 janvier 2025 (32 of 321),https://live.staticflickr.com/65535/54309827080_ab008616c7_o.jpg,API,[],2025-02-06 10:49:32.186837,166,45.376988,-71.93132,199512126@N03,0101000020E6100000168733BF9AFB51C0027E8D2441B04640,
54309239140,"Cascais, Portugal, Julio 2023",https://live.staticflickr.com/65535/54309239140_77022fe395_o.jpg,API,[],2025-02-06 10:49:32.187165,167,38.691122,-9.42055,8282951@N06,0101000020E610000065AA605452D722C0E7C589AF76584340,
54308695143,_DSC0414-1,https://live.staticflickr.com/65535/54308695143_d6400b517d_o.jpg,API,[],2025-02-06 10:49:32.187461,168,23.383362,120.369856,198851624@N04,0101000020E6100000AE0E80B8AB175E407787140324623740,
54308571489,Green lacewing nymph,https://live.staticflickr.com/65535/54308571489_7c886dac35_o.jpg,API,[],2025-02-06 10:49:32.187757,169,14.024456,100.656244,77175355@N07,0101000020E61000008F8CD5E6FF295940C861307F850C2C40,
54308640420,Rainy Window,https://live.staticflickr.com/65535/54308640420_c7bf54758b_o.jpg,API,[],2025-02-06 10:49:32.188052,170,52.62616,1.307501,201128932@N02,0101000020E6100000F7CB272B86EBF43F1C08C90226504A40,
54308386699,Dilhan Şeşen - IF - 4.2.25,https://live.staticflickr.com/65535/54308386699_7540f461e2_o.jpg,API,[],2025-02-06 10:49:32.188335,171,39.91176,32.855858,25268103@N08,0101000020E61000008E0244C18C6D404086E63A8DB4F44340,
8990531701054182,Mapillary Photo 8990531701054182,https://scontent.flis8-1.fna.fbcdn.net/m1/v/t6/An8OWlEl3o20dkX12Ni0ix-6CxNd4s-Jib9Pyifl79uKOaoKVfgzrJBZI_As-jhzRfoWMwD3Qr6TWwhl8R4a97nucpHuueQkc7EpqFln-SYXq2QxHJl624q_idP_MjzWcR4dSo0s6c3Ns4sVWzlX3A?ccb=10-5&oh=00_AYBH4vF5qSf--T0fI5uE26p-MhM__XKqBYFhPR4o5zNDow&oe=67CB530C&_nc_sid=201bca,API,[],2025-02-05 21:59:58.578985,82,5.5893752152121,-0.23788491479775,2517326301811376,0101000020E61000008950A24C0373CEBFBFA2292D855B1640,
1631675480812409,Mapillary Photo 1631675480812409,https://scontent.flis8-1.fna.fbcdn.net/m1/v/t6/An92MkuzzffDT6KncIyzXikSYTWGWi75XFgBB0sxHyHySO5vaRGqQv33C1Vc9UYniJ0-ArLNhPH7etY824rJ5cf9BOLPeFIEFSlS-KXq9exX_aN_JgLUnA-KQZEo9ZEL2sOlWxWqlRgBhFUKv_MdnZw?ccb=10-5&oh=00_AYA0zsTKG8ArV1kWfEqON-s97B9rDtvuFwW9e_8qBQUwnA&oe=67CB3BDD&_nc_sid=201bca,API,[],2025-02-05 21:59:58.580906,83,5.5880332713397,-0.23511374289572,2517326301811376,0101000020E6100000FAE349063518CEBFA474D564255A1640,
1656274254740150,Mapillary Photo 1656274254740150,https://scontent.flis8-1.fna.fbcdn.net/m1/v/t6/An_-GVH9uflEfMOB0ib-B90IuzCwDLQtkCKIiSDJMPzughnGyLAo_ZjamZaTMrxnOv7MSFRvcCIj9QczEbLU3dPO-x4VJBOgGsiGeD6RqQxd3sFk0KUSM6yLMshlVF0cDQ05B5RUpdKb5YQhLnWR0w?ccb=10-5&oh=00_AYBjyCAx3_1jWdtn1GO-QRKcFucA-ahqTcyyiZ17WKzb-A&oe=67CB5DB4&_nc_sid=201bca,API,[],2025-02-05 21:59:58.581613,84,5.621318672121,-0.24186090653772,103884788520289,0101000020E61000007155E1554CF5CEBF899D44F63A7C1640,
2939695353017342,Mapillary Photo 2939695353017342,https://scontent.flis8-1.fna.fbcdn.net/m1/v/t6/An_jylZfVtkdi-By75QYoX08dKkyFQAo6JpyRy3anZ8Zjz5-AB07G4Tw4TqrZktuqRZWJ7bymogAL9YtiWaiZEwPvAeDygKmnxX4YDrelwmIbU-1LSUrsmoYVnTFfS_n6J0hZGFN3BM07sEmqU9EMQ?ccb=10-5&oh=00_AYBx_kKSS4tehTbfU_CMWGdu-NBrURhCtvh06B7cL7ubLA&oe=67CB55B7&_nc_sid=201bca,API,[],2025-02-05 21:59:58.582310,85,5.642653020728,-0.23824695051828,107852771450610,0101000020E6100000D6826C46E07ECEBF3ACF2AA213921640,
2972792769662454,Mapillary Photo 2972792769662454,https://scontent.flis8-1.fna.fbcdn.net/m1/v/t6/An8a5lXT6kU4KgMZHTSYTC8wMMwD8bgXplxTEQyYkbdHhnGuOqFPGcKCnWV0ZHGxHxutbhh4RAwvGrbpnCGhpfTXlDnMUw1X3Pw78gmQlWDmkCOECjY0haVrNv0byT9Cqw4o98sQZY9NDlULZBr-Jg?ccb=10-5&oh=00_AYD8FrcSfyIhOjnHo6WbZTTw-8Zd06KPh-QBXJfoNOf7AA&oe=67CB41AD&_nc_sid=201bca,API,[],2025-02-05 21:59:58.582931,86,5.6209311375533,-0.24985097545677,105717001668080,0101000020E610000083F23AE41DFBCFBF2170435FD57B1640,
2990476897895893,Mapillary Photo 2990476897895893,https://scontent.flis8-1.fna.fbcdn.net/m1/v/t6/An8QBHznOQlVvqWvO6XriLV9RAFZ23o3D6sOugph1Za-LCVdVCWDdhmiNVT6_Ce2mIzyeEWE2SsWK3IkWS2gTLTSU3XwI_bFqKXQSJUinifXOqglQaQyIWdTZlWAfH-Jt1BBQuBI1i8Q-CESbO0BiA?ccb=10-5&oh=00_AYBiIjQdPkc8FV-LUVvezujIk9pEhKq1EYFxqZPL-mJN6w&oe=67CB6404&_nc_sid=201bca,API,[],2025-02-05 22:00:53.364223,107,38.767276225378,-9.1119663847581,100340685549633,0101000020E6100000259371A8533922C0987F7B1B36624340,
2980245595591274,Mapillary Photo 2980245595591274,https://scontent.flis8-1.fna.fbcdn.net/m1/v/t6/An_6zNlRxXtxwV9wUx3ICysjIQ7hzDtq1ILrny1Ohupw9-d2fK7f-jbhHDMHzMIeQpMRJsTumAa6qWeZPovgVaCeKhPaWXgFqapTBfVXuQnmDysDGxizZTwv6t3p3xMzQaFr4i_tjT20fEZ1_yFneg?ccb=10-5&oh=00_AYBMNlZraMSHgTLhUKSuDkLlvp56nzQP92YUCzQS2X3ECA&oe=67CB5BFC&_nc_sid=201bca,API,[],2025-02-05 22:00:53.365912,108,38.772280831549,-9.1012731969835,100340685549633,0101000020E6100000D1029A14DA3322C0526A2919DA624340,
2985183115060680,Mapillary Photo 2985183115060680,https://scontent.flis8-1.fna.fbcdn.net/m1/v/t6/An_8gGORV1MyZHNIIKF5bIp-ZzY-HaRou_RAdPDJHHCNCGLHJjNP1fGRxtACAnIF5MILIXMV2WU-Q0wTC7sb5-Emk3jqvBriUZEDY97RTUDJzk8hnAKRN0fCjq4Qx8G7r2LUkKUJFqbwBF2vzPKCWwM?ccb=10-5&oh=00_AYCXJl86PSw-pRV5XWLHzLxTl-lRKjvLdUTky9dtR_OK5Q&oe=67CB38E3&_nc_sid=201bca,API,[],2025-02-05 22:00:53.366777,109,38.763015307108,-9.1093924912543,103589091883670,0101000020E6100000F9BAE84A023822C029304F7CAA614340,
2935422640060682,Mapillary Photo 2935422640060682,https://scontent.flis8-1.fna.fbcdn.net/m1/v/t6/An9uWdBGwtpNFoWPZrIzlkY-FOJSHdzk-cuztpr8MRadsD5qpGhl8he8c1MrB5iriTjOjc-hNE9h9PkodD7l2BjPth3BRwRAzit5K76k8S0zLs8Qn-Q3ryU2PfANMAV0EExtEmDs6KYiR7VIwD3ig2Q?ccb=10-5&oh=00_AYBsrBF90FAVaaUbUbmUnr7geP3maOyJKk11dXVDRc_D7A&oe=67CB4158&_nc_sid=201bca,API,[],2025-02-05 22:00:53.367352,110,38.773862820852,-9.1060866017111,103589091883670,0101000020E610000031C9A9FB503622C02893D9EF0D634340,
2934623250158533,Mapillary Photo 2934623250158533,https://scontent.flis8-1.fna.fbcdn.net/m1/v/t6/An-j1688n4UO32xmJY6g2MWARreLGGI1nYgp38IM9OneZQCrYmvMZgE1JPOngSM64dDps-3Zh7AS9HzTD0jiB0D8UcZ80LJQ1BmjRGX58wfc6E_dkp_aakYfYnAu-3BV6d5qNntH2Sjfah4LsjRzBg?ccb=10-5&oh=00_AYAoNrMS2kik296Uw4AI4qzDA0KhjNBZPqHTYdtRrAB8UQ&oe=67CB63AF&_nc_sid=201bca,API,[],2025-02-05 22:00:53.367825,111,38.778315147993,-9.1106520952398,100340685549633,0101000020E6100000E0933464A73822C0404EADD49F634340,
1619986262095733,Mapillary Photo 1619986262095733,https://scontent.flis8-1.fna.fbcdn.net/m1/v/t6/An_hQAVvL2RTDjm8gKEAjah85oZPGsaBWxQOx9qcw5JlSBJiYq8MLchtNexQxJk4KXXlw5zg8hL4HTRgpKsE3GDTR4VdRs81KzjroN1qdmcA7Qz3akW84SbOexGRV9eQ5q8mFXUP-cPxlSm8Z0yGhA?ccb=10-5&oh=00_AYD3x_LQn72gs8krgu9jQjXbRvz_gqJC_rm4739HFTpEVA&oe=67CB3932&_nc_sid=201bca,API,[],2025-02-05 22:01:55.933430,129,14.61385130235,121.03499349217,101711162075840,0101000020E61000005A1C58553D425E408866C8B74A3A2D40,
1667406084027669,Mapillary Photo 1667406084027669,https://scontent.flis8-1.fna.fbcdn.net/m1/v/t6/An8XMgDiPwc2ynHti4sl-EW1EeQ8L4sbxmvTkiDZfcrL-I58QudqPjhIc20ccDZ3b73-x7TO0cN0KzHEMVAt8BlWXsfGHH4dpj7FKdWrWjzF8bjNr1aJwHl2j6CIp4A4vP36ctbJXvzxOuw_b7G9kQ?ccb=10-5&oh=00_AYD6uLcw5cv-wwpcTDkNGEvvy98rDtatiYg-vpCdZpRTZQ&oe=67CB48E0&_nc_sid=201bca,API,[],2025-02-05 22:01:55.934058,130,14.602067102086,121.03626398462,101711162075840,0101000020E6100000CCFD2C2652425E40EAE9A22342342D40,
1667484180114149,Mapillary Photo 1667484180114149,https://scontent.flis8-1.fna.fbcdn.net/m1/v/t6/An9XBVjW2F4SDX52GKbr3X9dxhlk-fErYYtEqlWhTpU8wCb5g4XGNJ1axxSG0bK6G3x44pnrV8IWKh-kYLOz68S2mLqR8vwnPI-93mBze2AsMLEzlQ6LRXNGLq2HO41a2X_LEysmSchqSjS2HZl5EQQ?ccb=10-5&oh=00_AYBFBKPqoKR7TX17QO_Wx3hkrfjIMVueoyAPJjm6kw-fhQ&oe=67CB365A&_nc_sid=201bca,API,[],2025-02-05 22:01:55.934792,131,14.611767942948,121.03606655841,106949431542521,0101000020E61000006A361CEA4E425E40DC67D7A539392D40,
54308520887,PXL_20240709_014935479.MP,https://live.staticflickr.com/65535/54308520887_fb9b4ce579_o.jpg,API,[],2025-02-05 23:27:47.514583,151,36.994877,-86.437492,55957556@N06,0101000020E6100000BF1072DEFF9B55C074452921587F4240,
54309634514,PXL_20240713_132048758.MP,https://live.staticflickr.com/65535/54309634514_64597c5b7c_o.jpg,API,[],2025-02-05 23:27:47.516922,152,36.187472,-86.776062,55957556@N06,0101000020E6100000C66AF3FFAAB155C036751E15FF174240,
54309367121,Piaggio P.166DL3/SEM ‘8-09’ [MM25167],https://live.staticflickr.com/65535/54309367121_72c3b7ee68_o.jpg,API,[],2025-02-05 23:27:47.517443,153,45.696018,8.827847,65001151@N03,0101000020E6100000F52EDE8FDBA72140B3B6291E17D94640,
54309612013,VULCAN-B2-XM602-1-2-25-WOODFORD-(4),https://live.staticflickr.com/65535/54309612013_6897d72f12_o.jpg,API,[],2025-02-05 23:27:47.518269,154,53.334968,-2.152419,89912763@N07,0101000020E6100000EC4FE273273801C0709A3E3BE0AA4A40,
54308430842,328D99B4-C5B8-49C5-A4D5-82A5C4FC069E,https://live.staticflickr.com/65535/54308430842_6b67516d68_o.jpg,API,[],2025-02-05 23:27:47.519160,155,49.892061,-119.500145,202227150@N04,0101000020E610000082902C6002E05DC0BE840A0E2FF24840,
54309543178,IMG_7336,https://live.staticflickr.com/65535/54309543178_0df528b316_o.jpg,API,[],2025-02-05 23:27:47.520050,156,9.121969,-79.692345,34992575@N00,0101000020E6100000252367614FEC53C06C4084B8723E2240,
54309526324,PXL_20240502_180648068.MP,https://live.staticflickr.com/65535/54309526324_5ee820dd27_o.jpg,API,[],2025-02-05 23:27:47.520709,157,43.498361,16.430911,55957556@N06,0101000020E6100000957CEC2E506E30400A4D124BCABF4540,
54309524098,PXL_20240330_120655905.MP,https://live.staticflickr.com/65535/54309524098_d5835128dd_o.jpg,API,[],2025-02-05 23:27:47.521281,158,43.443811,16.692394,55957556@N06,0101000020E610000056F2B1BB40B13040724D81CCCEB84540,
54310441969,The Bias of the Father Runs on Through the Sun,https://live.staticflickr.com/65535/54310441969_61bc2d01d2_o.jpg,API,[],2025-02-06 10:49:32.184883,164,31.962958,-110.34627,51035555243@N01,0101000020E61000008065A54929965BC0EC6B5D6A84F63F40,
1396102544101006,Mapillary Photo 1396102544101006,https://scontent.flis8-1.fna.fbcdn.net/m1/v/t6/An98Tf61WLIj6l9mM4ejn-lh2OMHGIcbFhF4TyeiGOTabCcdX016ah_7FMYfigzRo2teIb3m4UTUJPVzpsv2khbu3nuhC8oc9DIKodUa5t02xz36XaUcOhJXC7qGvYJARSIG_WTZT9iabya_qRRvNA?ccb=10-5&oh=00_AYCGevf-IlFvsl0YF1jrKw0odsrCbo-7r9BVdoWZGr-TcA&oe=67CB4DB9&_nc_sid=201bca,API,[],2025-02-05 22:02:15.612420,139,47.684490655035,-122.38755380158,107708041466249,0101000020E610000080CE75AECD985EC07FE5C8639DD74740,
3299092090352680,Mapillary Photo 3299092090352680,https://scontent.flis8-1.fna.fbcdn.net/m1/v/t6/An9WZDGdt6eVZfh_MQhKXkNPQY0EdFk9N3P6x_INcKn2yUEKfZaAKb3v0bQ1rWUY6M8emWWKu7wrpZEr3hKMb5DUD-da6YIa2lsjiX1mG2ml9MkzH1L3ZZ-mjQpGZRMvkGOGtedXHRQrQ5gqknA29Q?ccb=10-5&oh=00_AYDIRTTwdwTsfng_lpmeNhBxIfx1QGkiZRd6UDSYc2I7Bg&oe=67CB60ED&_nc_sid=201bca,API,[],2025-02-05 22:02:15.613107,140,47.683432030683,-122.38754156442,107708041466249,0101000020E61000009341227BCD985EC0436966B37AD74740,
1533220567013879,Mapillary Photo 1533220567013879,https://scontent.flis8-1.fna.fbcdn.net/m1/v/t6/An_q0ddCLo2LhJq0cUAYKJ1Z3W_J0AGOY7uNCuE5oHvS1wwzDM-Gx50BCaQ-CQbaGIGMde49tHJaN5niTXqCzmGhOo8PU69FaxfsP1mriBhK6Ovt28w0IAa7S7yN2FezL6Trf3jAQ4zJ1pnAt70-bA?ccb=10-5&oh=00_AYDEbCka6Zgg2YJ-I3rQRPWT5e32gmLReEFuIrAkmeyVtg&oe=67CB3A6D&_nc_sid=201bca,API,[],2025-02-05 22:02:15.613550,141,47.683587739481,-122.38754483649,107708041466249,0101000020E6100000539DDB88CD985EC03C8294CD7FD74740,
54309548578,Tepee with Reindeer Sculpture,https://live.staticflickr.com/65535/54309548578_4f0c88039e_o.jpg,API,[],2025-02-06 11:04:29.740566,204,62.577616,11.373402,89165847@N00,0101000020E6100000A185048C2EBF2640BBD23252EF494F40,
54308044160,jan556,https://live.staticflickr.com/65535/54308044160_e57a1fb5af_o.jpg,API,[],2025-02-06 14:20:39.953328,391,42.620441,-73.773392,47985875@N00,0101000020E61000003CBF28417F7152C07C0C569C6A4F4540,
54307723348,"Barber House, Fort Street, Harmar, Marietta, OH",https://live.staticflickr.com/65535/54307723348_a53d9562b2_o.jpg,API,[],2025-02-06 14:20:39.967116,392,39.41005,-81.457712,59081381@N03,0101000020E610000027BF45274B5D54C0C6DCB5847CB44340,
54306545317,Oli-B / Bruxelles - 1 fev 2025,https://live.staticflickr.com/65535/54306545317_15431ed0e8_o.jpg,API,[],2025-02-06 14:20:39.980397,393,50.840351,4.382311,106270295@N04,0101000020E6100000AE9AE7887C87114098141F9F906B4940,
54307488924,Vanderbilt University,https://live.staticflickr.com/65535/54307488924_1645f2c7a1_o.jpg,API,[],2025-02-06 14:20:39.994067,394,36.147305,-86.80597,40646519@N00,0101000020E6100000A8E3310395B355C0C6C4E6E3DA124240,
54306992126,HARÍA - Lanzarote.,https://live.staticflickr.com/65535/54306992126_05b5bffc17_o.jpg,API,[],2025-02-06 14:20:40.007876,395,29.146313,-13.499942,8196829@N08,0101000020E61000002ECBD765F8FF2AC0CAFACDC474253D40,
54306863481,Madeira_Jan2025 51,https://live.staticflickr.com/65535/54306863481_77228b6cc7_o.jpg,API,[],2025-02-06 14:20:40.021434,396,32.646972,-16.899287,26167902@N00,0101000020E6100000CCB73EAC37E630C0BFB67EFACF524040,
54307097394,20250204_115931,https://live.staticflickr.com/65535/54307097394_3273ef8640_o.jpg,API,[],2025-02-06 14:20:40.035383,397,52.500486,13.39203,199329062@N05,0101000020E61000000D1AFA27B8C82A408D0DDDEC0F404A40,
54306617601,xiaojiu,https://live.staticflickr.com/65535/54306617601_5ed42b8ac8_o.jpg,API,[],2025-02-06 14:20:40.049526,398,39.937797,116.385391,20897132@N00,0101000020E61000000E4B033FAA185D40BAA46ABB09F84340,
54306746693,British Museum - Chinese Collection,https://live.staticflickr.com/65535/54306746693_97fa56b624_o.jpg,API,[],2025-02-06 14:20:40.063608,399,51.519455,-0.126978,30659367@N00,0101000020E6100000D7DEA7AAD040C0BF315F5E807DC24940,
54306863925,Waterfront_Taranto_Italy_Sep22,https://live.staticflickr.com/65535/54306863925_fbd9d73cf5_o.jpg,API,[],2025-02-06 14:20:40.078001,400,40.472037,17.235823,47765927@N06,0101000020E610000005A568E55E3C314040C05AB56B3C4440,
54306205796,20230404_165420,https://live.staticflickr.com/65535/54306205796_9f3f5f4448_o.jpg,API,[],2025-02-06 14:20:40.106915,402,29.916191,-90.106073,42728243@N00,0101000020E6100000457F68E6C98656C0B9E34D7E8BEA3D40,
54305139464,Urban Decay Through a Cosmic Lens,https://live.staticflickr.com/65535/54305139464_7a32fdde8b_o.jpg,API,[],2025-02-06 14:20:40.122152,403,3.575674,-138.943284,38837659@N06,0101000020E6100000E25AED612F5E61C0914259F8FA9A0C40,
54304848341,DSCF0101,https://live.staticflickr.com/65535/54304848341_7741a574a3_o.jpg,API,[],2025-02-06 14:20:40.136599,404,32.180047,-110.736592,93689361@N05,0101000020E6100000B29FC55224AF5BC0185FB4C70B174040,
54303503902,garden moths 043,https://live.staticflickr.com/65535/54303503902_f440f57045_o.jpg,API,[],2025-02-06 14:20:40.151561,405,52.302417,-1.238,55228353@N00,0101000020E6100000022B8716D9CEF3BF9160AA99B5264A40,
54304537759,Koppie Foam Grasshopper (Dictyophorus spumans),https://live.staticflickr.com/65535/54304537759_b13eff7791_o.jpg,API,[],2025-02-06 14:20:40.165525,406,-33.996037,24.931347,65695019@N07,0101000020E61000004B3ACAC16CEE3840904DF2237EFF40C0,
54304483813,Port Hudson - Spanish moss (I),https://live.staticflickr.com/65535/54304483813_49ec04e732_o.jpg,API,[],2025-02-06 14:20:40.180241,407,30.691437,-91.276688,161761575@N03,0101000020E610000085CC9541B5D156C08E3EE60302B13E40,
54304147078,SMOM Bologna - Candelora 2025,https://live.staticflickr.com/65535/54304147078_18b0a914ca_o.jpg,API,[],2025-02-06 14:20:40.194643,408,44.490704,11.338641,22666220@N00,0101000020E6100000632B685A62AD264019028063CF3E4640,
54303369031,MOSS!,https://live.staticflickr.com/65535/54303369031_ac7e372d09_o.jpg,API,[],2025-02-06 14:20:40.223981,410,39.497588,-82.61385,39684088@N00,0101000020E610000093A9825149A754C0E770ADF6B0BF4340,
54303469034,Molcajete de Tejas (Texas),https://live.staticflickr.com/65535/54303469034_7251646046_o.jpg,API,[],2025-02-06 14:20:40.239835,411,30.609894,-96.340384,9341577@N08,0101000020E61000003A05F9D9C81558C0D1066003229C3E40,
54302150077,Grand cormoran,https://live.staticflickr.com/65535/54302150077_41f1228b91_o.jpg,API,[],2025-02-06 14:20:40.269076,413,45.826287,1.212487,146694679@N06,0101000020E6100000D333BDC45866F33F130EBDC5C3E94640,
54302600898,"Interior, St Lawrence's church, Bardney",https://live.staticflickr.com/65535/54302600898_e98ca2a682_o.jpg,API,[],2025-02-06 14:20:40.330474,417,53.209695,-0.324976,78914786@N06,0101000020E61000008908FF2268CCD4BF3F912749D79A4A40,
54302403754,Northumberland farmland,https://live.staticflickr.com/65535/54302403754_b387c4917c_o.jpg,API,[],2025-02-06 14:20:40.346291,418,55.460852,-1.862354,7171906@N06,0101000020E6100000513239B533CCFDBFEA25C632FDBA4B40,
54302144890,IMG_2343,https://live.staticflickr.com/65535/54302144890_3084113557_o.jpg,API,[],2025-02-06 14:20:40.422567,423,25.017677,121.512991,9180755@N03,0101000020E61000001C0934D8D4605E4032E4D87A86043940,
54301917414,20250128_155841,https://live.staticflickr.com/65535/54301917414_e4582802a2_o.jpg,API,[],2025-02-06 14:20:40.438074,424,-39.70085,176.908772,48816143@N00,0101000020E6100000A87004A9141D664068B3EA73B5D943C0,
54301928883,Mercedes-Benz 320 Wendler Cabriolet auf W 142 II,https://live.staticflickr.com/65535/54301928883_5c9e4b803b_o.jpg,API,[],2025-02-06 14:20:40.452304,425,51.813852,9.870605,66451944@N03,0101000020E6100000D97745F0BFBD234060E4654D2CE84940,
54301801465,"New Orleans, LA",https://live.staticflickr.com/65535/54301801465_e65aa8a37e_o.jpg,API,[],2025-02-06 14:20:40.466276,426,29.92798,-90.088098,29382029@N03,0101000020E6100000F435CB65A38556C09357E71890ED3D40,
54303523890,"University of Wisconsin Armory and Gymnasium (Red Gym), University of Wisconsin, Langdon Street, Madison, WI",https://live.staticflickr.com/65535/54303523890_65ee1e58b7_o.jpg,API,[],2025-02-06 14:35:21.735394,456,43.075733,-89.398514,59081381@N03,0101000020E6100000E23FDD40815956C02E1D739EB1894540,
54301232434,2025-02-01_12-35-41_ILCE-7CM2_DSCHB2825,https://live.staticflickr.com/65535/54301232434_46c5739af0_o.jpg,API,[],2025-02-06 14:35:22.071053,472,50.857619,4.343783,151639852@N07,0101000020E6100000DEAE97A608601140D0B69A75C66D4940,
54308402420,2025-01-31 14.04.12,https://live.staticflickr.com/65535/54308402420_a9a96091a3_o.jpg,API,[],2025-02-06 14:39:54.291857,265,35.243577,-97.478213,202216438@N03,0101000020E610000069E1B20A9B5E58C06687F8872D9F4140,
54306595789,"Fox Squirrels in Ann Arbor at the University of Michigan on January 30th, 2025",https://live.staticflickr.com/65535/54306595789_735867c2cb_o.jpg,API,[],2025-02-06 14:39:54.445270,401,42.277348,-83.737871,7702423@N04,0101000020E6100000AD6A494739EF54C036CEA62380234540,
54300097562,2025-02-01_12-10-48_ILCE-7CM2_DSCHB2725,https://live.staticflickr.com/65535/54300097562_97e0b3b162_o.jpg,API,[],2025-02-06 14:39:54.789627,518,50.854861,4.342133,151639852@N07,0101000020E61000008B87F71C585E11401CD0D2156C6D4940,
54301187618,2024-11-10_15-17-53_ILCE-7C_DSC11765_Kiri_DxO,https://live.staticflickr.com/65535/54301187618_6cb0025b95_o.jpg,API,[],2025-02-06 14:39:54.804019,519,50.864638,4.346952,151639852@N07,0101000020E61000008E209562476311407E703E75AC6E4940,
54300930506,2024-11-10_15-14-27_ILCE-7CM2_DSCGA8270_DxO,https://live.staticflickr.com/65535/54300930506_1038e9426b_o.jpg,API,[],2025-02-06 14:39:54.818682,520,50.864661,4.346975,151639852@N07,0101000020E61000004F1E166A4D63114036902E36AD6E4940,
54299836367,Amtrak California Zephyr,https://live.staticflickr.com/65535/54299836367_7dc29f7c0d_o.jpg,API,[],2025-02-06 14:39:54.832437,521,38.019798,-122.136447,141041165@N06,0101000020E6100000CAA8328CBB885EC05B43A9BD88024340,
54300675944,"The Pabst Theatre, Wells Street and Water Street, Milwaukee, WI",https://live.staticflickr.com/65535/54300675944_ba940644a8_o.jpg,API,[],2025-02-06 14:39:54.846386,522,43.041061,-87.909753,59081381@N03,0101000020E6100000069CA56439FA55C00E12A27C41854540,
54300408191,"Bandelier National Monument, New Mexico, USA",https://live.staticflickr.com/65535/54300408191_f7f084de5c_o.jpg,API,[],2025-02-06 14:39:54.860261,523,35.784364,-106.277189,42477684@N08,0101000020E6100000E773EE76BD915AC07214200A66E44140,
54300587034,Arcadia Rodeo,https://live.staticflickr.com/65535/54300587034_d1e0d93203_o.jpg,API,[],2025-02-06 14:39:54.874475,524,27.225333,-81.833389,83006240@N00,0101000020E610000027F6D03E567554C0A6B5696CAF393B40,
54300487028,xiaojiu,https://live.staticflickr.com/65535/54300487028_de93a82aa8_o.jpg,API,[],2025-02-06 14:39:54.888380,525,43.874947,125.19358,20897132@N00,0101000020E6100000384A5E9D634C5F40DD5D6743FEEF4540,
54300422354,Església de Sant Esteve (2),https://live.staticflickr.com/65535/54300422354_30ab7cb6da_o.jpg,API,[],2025-02-06 14:39:54.902200,526,42.120552,2.769447,88483348@N00,0101000020E6100000E10A28D4D3270640D4BB783F6E0F4540,
54300610650,1990 FSO Polonez 1.5 SLE,https://live.staticflickr.com/65535/54300610650_e75718c6de_o.jpg,API,[],2025-02-06 14:39:54.916353,527,50.950936,17.27913,94858012@N07,0101000020E61000001D554D1075473140664B5645B8794940,
54300036656,Disentis/Mustér - Station Buffet,https://live.staticflickr.com/65535/54300036656_27f921c8fc_o.jpg,API,[],2025-02-06 14:39:54.930538,528,46.704942,8.855138,70981241@N00,0101000020E61000003A22DFA5D4B52140D6C9198A3B5A4740,
54300241964,神戸ルミナリエ,https://live.staticflickr.com/65535/54300241964_89876af240_o.jpg,API,[],2025-02-06 14:39:54.943917,529,34.682002,135.188528,40644994@N00,0101000020E61000002B4CDF6B08E660403EE76ED74B574140,
54299766756,IMG_20250201_074659,https://live.staticflickr.com/65535/54299766756_4bf825e44e_o.jpg,API,[],2025-02-06 14:39:54.957720,530,27.755597,-15.569678,9187590@N04,0101000020E61000005A80B6D5AC232FC0AAF413CE6EC13B40,
54299647633,Melodifestivalen 2025 - Den känslan - Linnea Henriksson,https://live.staticflickr.com/65535/54299647633_a85e152b86_o.jpg,API,[],2025-02-06 14:39:54.971799,531,65.59779,22.148092,157523375@N05,0101000020E61000009ACC785BE92536400EF8FC3042665040,
54299605748,"Milwaukee Street, Milwaukee, WI",https://live.staticflickr.com/65535/54299605748_b0f5600e80_o.jpg,API,[],2025-02-06 14:39:54.986222,532,43.038822,-87.906487,59081381@N03,0101000020E6100000F2CF0CE203FA55C0C32E8A1EF8844540,
54298478372,"Northwestern National Insurance Building, Jackson Street and Wisconsin Avenue, Milwaukee, WI",https://live.staticflickr.com/65535/54298478372_de6b75ac28_o.jpg,API,[],2025-02-06 14:39:55.001001,533,43.038975,-87.90442,59081381@N03,0101000020E61000004B766C04E2F955C0492EFF21FD844540,
54299587244,"Northwestern National Insurance Building, Jackson Street and Wisconsin Avenue, Milwaukee, WI",https://live.staticflickr.com/65535/54299587244_f6990772bb_o.jpg,API,[],2025-02-06 14:39:55.015890,534,43.038975,-87.904412,59081381@N03,0101000020E61000000987DEE2E1F955C0492EFF21FD844540,
54298405217,2024 08 13 Twycross Zoo_03,https://live.staticflickr.com/65535/54298405217_74255f32f8_o.jpg,API,[],2025-02-06 14:39:55.030382,535,52.652556,-1.529122,131963120@N07,0101000020E61000007C8159A14877F8BF7F677BF486534A40,
54298837865,_Q5A3937,https://live.staticflickr.com/65535/54298837865_4c2a07637c_o.jpg,API,[],2025-02-06 14:39:55.044636,536,-26.643028,15.164297,148768555@N05,0101000020E61000006DA983BC1E542E408C69A67B9DA43AC0,
54298828801,Jack's Picnic Site ...,https://live.staticflickr.com/65535/54298828801_c5692eb557_o.jpg,API,[],2025-02-06 14:39:55.058819,537,-33.516793,25.761684,65695019@N07,0101000020E6100000EFE2FDB8FDC239409FE6E44526C240C0,
54298942694,2025-01-25_12-07-16_ILCE-7CM2_DSCHA2516_ChalkIt,https://live.staticflickr.com/65535/54298942694_b090be42f0_o.jpg,API,[],2025-02-06 14:39:55.072942,538,50.820836,4.352225,151639852@N07,0101000020E61000009B559FABAD68114092B06F2711694940,
54298633179,B/W #2897,https://live.staticflickr.com/65535/54298633179_0e8152234a_o.jpg,API,[],2025-02-06 14:39:55.086737,539,35.540581,139.582993,75595126@N00,0101000020E61000008099EFE0A772614064EB19C231C54140,
54298590675,"DSC_8557: a bedroom with a bed, chair, and patio",https://live.staticflickr.com/65535/54298590675_091e5bcc12_o.jpg,API,[],2025-02-06 14:39:55.101601,540,12.739761,100.937394,194424926@N05,0101000020E6100000DD5D6743FE3B594067B62BF4C17A2940,
54298380599,"Ever Fortune (Evergreen Marine) - Ships on Disembarkation Day on the Navigator of the Seas Four Night Cruise from Los Angeles - August 9th, 2024",https://live.staticflickr.com/65535/54298380599_e0b1b7b636_o.jpg,API,[],2025-02-06 14:39:55.115087,541,33.746216,-118.272042,7702423@N04,0101000020E6100000DC48D92269915DC03FE0810184DF4040,
54298112114,iPhone15 164,https://live.staticflickr.com/65535/54298112114_43c5499779_o.jpg,API,[],2025-02-06 14:39:55.129214,542,13.733611,100.553261,21657526@N00,0101000020E6100000BF49D3A068235940C2F869DC9B772B40,
54297000012,iPhone15 156,https://live.staticflickr.com/65535/54297000012_7aed31d226_o.jpg,API,[],2025-02-06 14:39:55.144427,543,13.744952,100.539702,21657526@N00,0101000020E61000007EE5417A8A225940F92D3A596A7D2B40,
54296940017,The Fault,https://live.staticflickr.com/65535/54296940017_5bf1277e48_o.jpg,API,[],2025-02-06 14:39:55.159618,544,36.147458,-86.804506,40646519@N00,0101000020E6100000E4DBBB067DB355C04CC45BE7DF124240,
54298185230,20231014_142507-PW,https://live.staticflickr.com/65535/54298185230_77cae0833c_o.jpg,API,[],2025-02-06 14:39:55.174368,545,53.343513,-6.256895,95912351@N07,0101000020E610000010069E7B0F0719C01C60E63BF8AB4A40,
54296860842,To Bloom You must Grow,https://live.staticflickr.com/65535/54296860842_c7ca9c7ce8_o.jpg,API,[],2025-02-06 14:39:55.189879,546,10.614749,-61.343117,46102325@N06,0101000020E6100000CFD90242EBAB4EC0567F8461C03A2540,
54297808820,"Bond Head, Ontario (2025-01-30) 48",https://live.staticflickr.com/65535/54297808820_aaf24cedbc_o.jpg,API,[],2025-02-06 14:39:55.204673,547,43.897152,-78.576159,197171168@N04,0101000020E6100000F392FFC9DFA453C03FC571E0D5F24540,
54297362491,Anhinga at 40 Acre Lake,https://live.staticflickr.com/65535/54297362491_1190ba0fb6_o.jpg,API,[],2025-02-06 14:39:55.219157,548,29.371329,-95.62309,40586164@N07,0101000020E6100000BD1DE1B4E0E757C06F0ED76A0F5F3D40,
54296383082,Normandy,https://live.staticflickr.com/65535/54296383082_9264b9ed73_o.jpg,API,[],2025-02-06 14:39:55.234536,549,49.187422,-0.046245,14036428@N00,0101000020E6100000930035B56CADA7BF8446B071FD974840,
54296934731,Mercedes-AMG GT R,https://live.staticflickr.com/65535/54296934731_b3141f5e9c_o.jpg,API,[],2025-02-06 14:39:55.249527,550,49.511904,6.361963,32569229@N06,0101000020E6100000BD72BD6DA67219408658FD1186C14840,
54296996533,2022 Frankrijk 0712 Le Chesne,https://live.staticflickr.com/65535/54296996533_f0f40f260a_o.jpg,API,[],2025-02-06 14:39:55.264489,551,49.513677,4.765188,127267277@N04,0101000020E6100000A62A6D718D0F13408CDAFD2AC0C14840,
54296695606,Basse Gouach GV 716633 - Sardine Fishing Boat,https://live.staticflickr.com/65535/54296695606_3d7a76702a_o.jpg,API,[],2025-02-06 14:39:55.279163,552,47.871444,-3.912689,16564965@N04,0101000020E6100000FF59F3E32F4D0FC0D0251C7A8BEF4740,
54297075170,［桃園市。平鎮區］Inn Patisserie,https://live.staticflickr.com/65535/54297075170_de95aa71b9_o.jpg,API,[],2025-02-06 14:39:55.293435,553,24.927922,121.254744,67754897@N08,0101000020E61000008B36C7B94D505E40293DD34B8CED3840,
54296516161,South End of Ring Road No.5 Bypass Southbound Lane in December 2022: 4,https://live.staticflickr.com/65535/54296516161_09858a4e44_o.jpg,API,[],2025-02-06 14:39:55.308259,554,35.685688,139.703322,27889738@N07,0101000020E6100000D591239D817661403CA1D79FC4D74140,
54296211481,PXL_20250129_233114616.MP,https://live.staticflickr.com/65535/54296211481_0b79dd3df5_o.jpg,API,[],2025-02-06 14:39:55.323140,555,42.396716,-71.123184,9788232@N03,0101000020E6100000FDD8243FE2C751C064E60297C7324540,
54295067242,CX Magog 2023 Championnat Qc. (937 of 1354),https://live.staticflickr.com/65535/54295067242_ab5f76fb1b_o.jpg,API,[],2025-02-06 14:39:55.395420,556,45.264047,-72.128506,199512126@N03,0101000020E6100000BFD53A71390852C0AFCDC64ACCA14640,
54295044062,CX Magog 2023 dimanche215,https://live.staticflickr.com/65535/54295044062_a5ebe76546_o.jpg,API,[],2025-02-06 14:39:55.484475,561,45.264508,-72.128059,199512126@N03,0101000020E6100000573D601E320852C0E3C3EC65DBA14640,
54318889903,1967 Chevy Camaro SS,https://live.staticflickr.com/65535/54318889903_c62c1161cc_o.jpg,API,[],2025-02-10 13:45:03.539553,579,41.696917,-88.38164,74459232@N00,0101000020E61000001CB62DCA6C1856C06283859334D94440,
54312018966,Interesting Lighting via Train Window,https://live.staticflickr.com/65535/54312018966_0279b02033_o.jpg,API,[],2025-02-10 15:43:59.764370,589,62.266887,10.708911,89165847@N00,0101000020E6100000A08CF161F66A2540205D6C5A29224F40,
54310876472,Bmpz 29-91.0,https://live.staticflickr.com/65535/54310876472_37acbab22f_o.jpg,API,[],2025-02-10 15:43:59.800321,590,48.249926,16.917647,135487472@N07,0101000020E6100000C345EEE9EAEA3040C6353E93FD1F4840,
54311675609,Classique estivale Siboire 2024 (53 of 174),https://live.staticflickr.com/65535/54311675609_e66f57a95c_o.jpg,API,[],2025-02-10 15:43:59.828223,591,45.323633,-72.642809,199512126@N03,0101000020E6100000C4245CC8232952C004745FCE6CA94640,
54310503032,The Chicago River,https://live.staticflickr.com/65535/54310503032_005db4ef21_o.jpg,API,[],2025-02-10 15:43:59.853073,592,41.887366,-87.633828,69754957@N00,0101000020E610000080D250A390E855C08ACA863595F14440,
54311802535,IMG_0064,https://live.staticflickr.com/65535/54311802535_9b716aa1c9_o.jpg,API,[],2025-02-10 15:43:59.873478,593,25.010294,121.514738,9180755@N03,0101000020E61000008A00A777F1605E405358A9A0A2023940,
