1,jlou,https://www.mapillary.com/app/user/jlou,106335491605178
2,airporter,https://www.mapillary.com/app/user/airporter,109277131306378
3,ejegg,https://www.mapillary.com/app/user/ejegg,104911905082020
4,sashazykov,https://www.mapillary.com/app/user/sashazykov,109214254640685
5,martimm,https://www.mapillary.com/app/user/martimm,102587595319343
6,Unknown,https://www.flickr.com/people/161761575@N03,161761575@N03
7,Unknown,https://www.flickr.com/people/10526175@N02,10526175@N02
8,labrarite,https://www.mapillary.com/app/user/labrarite,107963104773585
9,jolive75,https://www.mapillary.com/app/user/jolive75,102834145293469
10,joaoguise,https://www.mapillary.com/app/user/joaoguise,108868941347724
11,skfd,https://www.mapillary.com/app/user/skfd,104994538407114
12,alexou951,https://www.mapillary.com/app/user/alexou951,107715388126890
13,joao117,https://www.mapillary.com/app/user/joao117,100511755531098
14,Unknown,https://www.flickr.com/people/93897327@N00,93897327@N00
15,Unknown,https://www.flickr.com/people/91701539@N03,91701539@N03
16,Unknown,https://www.flickr.com/people/78738090@N08,78738090@N08
17,Unknown,https://www.flickr.com/people/8282951@N06,8282951@N06
18,Unknown,https://www.flickr.com/people/38834306@N00,38834306@N00
19,Unknown,https://www.flickr.com/people/8141721@N04,8141721@N04
20,seraq,https://www.mapillary.com/app/user/seraq,110928311139523
21,pedroconceicao,https://www.mapillary.com/app/user/pedroconceicao,102047122040831
22,mapfool,https://www.mapillary.com/app/user/mapfool,106609934906640
23,barragon,https://www.mapillary.com/app/user/barragon,101095808804313
24,miguelngm,https://www.mapillary.com/app/user/miguelngm,102184098693489
25,arqmauro,https://www.mapillary.com/app/user/arqmauro,109847601247399
26,Barreiros,https://www.mapillary.com/app/user/Barreiros,110918181139910
27,sietra,https://www.mapillary.com/app/user/sietra,110024771230522
28,ozflor,https://www.mapillary.com/app/user/ozflor,108764451358186
29,Unknown,https://www.flickr.com/people/144507414@N06,144507414@N06
30,pt360,https://www.mapillary.com/app/user/pt360,104848815088899
31,davidvale,https://www.mapillary.com/app/user/davidvale,102326505345449
32,pgiraud,https://www.mapillary.com/app/user/pgiraud,109195847977830
33,ptmap,https://www.mapillary.com/app/user/ptmap,108555391379476
34,claudiop,https://www.mapillary.com/app/user/claudiop,109525581900506
35,ivoost,https://www.mapillary.com/app/user/ivoost,110258964540685
36,luisjfvieira,https://www.mapillary.com/app/user/luisjfvieira,100277815954482
37,davipt,https://www.mapillary.com/app/user/davipt,105866144985111
38,beer119,https://www.mapillary.com/app/user/beer119,104428641793949
39,manuelbanza,https://www.mapillary.com/app/user/manuelbanza,111281928086161
40,chrisbeddow,https://www.mapillary.com/app/user/chrisbeddow,105867468318294
41,filipegraciosa,https://www.mapillary.com/app/user/filipegraciosa,103589091883670
42,Unknown,https://www.flickr.com/people/60756254@N07,60756254@N07
43,Unknown,https://www.flickr.com/people/22115899@N06,22115899@N06
44,Unknown,https://www.flickr.com/people/53299569@N03,53299569@N03
45,Unknown,https://www.flickr.com/people/47765927@N06,47765927@N06
46,Unknown,https://www.flickr.com/people/21446942@N00,21446942@N00
47,Unknown,https://www.flickr.com/people/29136804@N00,29136804@N00
48,Unknown,https://www.flickr.com/people/45459399@N08,45459399@N08
49,Unknown,https://www.flickr.com/people/48597791@N04,48597791@N04
50,filohipo,https://www.mapillary.com/app/user/filohipo,100340685549633
51,waldyrious,https://www.mapillary.com/app/user/waldyrious,103884838515779
52,GLocatelli,https://www.mapillary.com/app/user/GLocatelli,1655747131965571
53,nunogand,https://www.mapillary.com/app/user/nunogand,109804501252777
54,Wikimedia,https://upload.wikimedia.org/wikipedia/commons/7/7b/ISS025-E-15457_-_View_of_Earth.jpg,Wikimedia
55,rororo,https://www.mapillary.com/app/user/rororo,105534541681944
56,asimonelli,https://www.mapillary.com/app/user/asimonelli,107927894776096
57,marcoafpinto,https://www.mapillary.com/app/user/marcoafpinto,105552435016654
58,lalolan2,https://www.mapillary.com/app/user/lalolan2,102591438652763
59,mariocarneiro,https://www.mapillary.com/app/user/mariocarneiro,103361018573461
60,6745,https://www.mapillary.com/app/user/6745,100184332231503
61,rod9,https://www.mapillary.com/app/user/rod9,102974578613984
62,marksmith-orchy,https://www.mapillary.com/app/user/marksmith-orchy,1983057218835914
63,sanjorgepinho,https://www.mapillary.com/app/user/sanjorgepinho,110025247896111
64,chicoosm,https://www.mapillary.com/app/user/chicoosm,110614067837456
65,egorka,https://www.mapillary.com/app/user/egorka,103314195244906
66,Unknown,https://www.flickr.com/people/68894626@N00,68894626@N00
67,Unknown,https://www.flickr.com/people/13445173@N06,13445173@N06
68,countzero5,https://www.mapillary.com/app/user/countzero5,104723918435539
69,cyberlima,https://www.mapillary.com/app/user/cyberlima,104702998436334
70,nighto,https://www.mapillary.com/app/user/nighto,108091748088935
71,agranizo,https://www.mapillary.com/app/user/agranizo,109569481271487
72,biomedica,https://www.mapillary.com/app/user/biomedica,104251865754450
73,marcuscalabresus,https://www.mapillary.com/app/user/marcuscalabresus,100745172169749
74,fbenitez,https://www.mapillary.com/app/user/fbenitez,105870548317799
75,jopparn,https://www.mapillary.com/app/user/jopparn,108965508000110
76,Domingues3D,https://www.mapillary.com/app/user/Domingues3D,107647298508436
